Search Term,Match Score,Status,Date Filed,Expires,Filings Completed Through,UCC Number,Filing Events,Secured Parties Count,Secured Party 1 Name,Secured Party 1 Address,Secured Party 2 Name,Secured Party 2 Address,Secured Party 3 Name,Secured Party 3 Address,Secured Party 4 Name,Secured Party 4 Address,Secured Party 5 Name,Secured Party 5 Address,Debtor Parties Count,Debtor Name,Debtor Address,Document Type,Document Pages
"102 BERGEN STREET, LLC",1.00,Filed,10/03/2017,10/03/2027,02/23/2026,201702817561,1,1,INVESTORS BANK,"ATTN: LOAN SERVICING, 101 JFK PARKWAY, SHORT HILLS , NJ, 07078",,,,,,,,,3,"102 BERGEN STREET, LLC","2000 SOUTH OCEAN BLVD., APT. 307S , PALM BEACH , FL, 33480",UCC1,10
1030SOCEAN LLC,1.00,Lapsed,06/19/2018,06/19/2023,02/23/2026,201805594719,1,1,BI 35 LLC,"2601 S. BAYSHORE DRIVE, SUITE 1200, MIAMI, FL, 33133",,,,,,,,,3,1030SOCEAN LLC,"1030 S. OCEAN BOULEVARD, PALM BEACH, FL, 33480",UCC1,6
1030SOCEAN LLC,1.00,Lapsed,06/26/2019,06/26/2024,02/23/2026,201908978455,1,1,"KHRE SMA FUNDING, LLC","777 WEST PUTNAM AVENUE, SUITE 1-3, GREENWICH, CT, 06830",,,,,,,,,1,1030SOCEAN LLC,"125 WORTH AVENUE, SUITE 200, PALM BEACH, FL, 33480",UCC1,1
"106 W RIVERSIDE, LLC",1.00,Filed,03/31/2023,03/31/2028,02/23/2026,202300878508,1,1,FLAGLER BANK,"555 NORTHLAKE BOULEVARD, SUITE 200, NORTH PALM BEACH, FL, 33408",,,,,,,,,1,"106 W RIVERSIDE, LLC","400 VILLAGE SQUARE CROSSING, SUITE 3, PALM BEACH GARDENS, FL, 33410",UCC1,2
10X MEDIA LLC,0.00,No close match,,,,,,,,,,,,,,,,,,,,,
"110 WELLS ROAD, LLC",1.00,Lapsed,12/15/2008,12/15/2013,02/23/2026,200809702574,2,1,"WELLS FARGO BANK, NATIONAL ASSOCIATION","333 SOUTH GRAND AVENUE, 9TH FLOOR, LOS ANGELES, CA, 90071",,,,,,,,,1,"110 WELLS ROAD, LLC","411 7TH STREET, SUITE B6, WEST PALM BEACH, FL, 33401",UCC1,2
"110 WELLS ROAD, LLC",1.00,Lapsed,12/15/2008,12/15/2013,02/23/2026,200809702566,0,2,LEIBOVIT JOANNE N.,"1617 N. FLAGLER DRIVE, NO. 11A, WEST PALM BEACH, FL, 33407",PAIGE DONALD,"101 ARCH STREET, 12TH FLOOR, BOSTON, MA, 02210",,,,,,,1,"110 WELLS ROAD, LLC","411 7TH STREET, SUITE B-6, WEST PALM BEACH, FL, 33401",UCC1,3
"111 SEAGATE VENTURE, L.L.C.",0.00,No close match,,,,,,,,,,,,,,,,,,,,,
"111 SEAGATE VENTURE, L.L.C.",0.00,No close match,,,,,,,,,,,,,,,,,,,,,
"1141 NORTH LAKE WAY, INC.",0.00,No results,,,,,,,,,,,,,,,,,,,,,
"1205 AND 1209 SE 2ND STREET, LLC",1.00,Lapsed,10/21/2020,10/21/2025,02/23/2026,202005109787,0,1,"KENNETH E. FABRY MARITAL DEDUCTION TRUST A DATED APRIL 30, 2004","3149 HWY H, LAC DU FLAMBEAU, WI, 54538",,,,,,,,,1,"1205 AND 1209 SE 2ND STREET, LLC","PO BOX 7415, FORT LAUDERDALE, FL, 33338",UCC1,2
1207 SPANISH RIVER LLC,1.00,Lapsed,10/01/2001,10/01/2006,02/23/2026,200190018737,1,1,PALM BEACH NATIONAL BANK & TRUST COMPANY,"125 WORTH AVENUE, PALM BEACH, FL, 33480",,,,,,,,,1,"1207 SPANISH RIVER, LLC","205 VIA TORTUGA, PALM BEACH, FL, 33480",UCC1,2
"1240 NE 13TH AVENUE, LLC",1.00,Lapsed,10/21/2020,10/21/2025,02/23/2026,202005109701,0,1,"KENNETH E. FABRY MARITAL DEDUCTION TRUST A DATED APRIL 30, 2004","3149 HWY H, LAC DU FLAMBEAU, WI, 54538",,,,,,,,,1,"1240 NE 13TH AVENUE, LLC","PO BOX 7415, FORT LAUDERDALE, FL, 33338",UCC1,2
"1241 NE 14TH AVENUE, LLC",1.00,Lapsed,10/21/2020,10/21/2025,02/23/2026,202005109671,0,1,"KENNETH E. FABRY MARITAL DEDUCTION TRUST A DATED APRIL 30, 2004","3149 HWY H, LAC DU FLAMBEAU, WI, 54538",,,,,,,,,1,"1241 NE 14TH AVENUE, LLC","PO BOX 7415, FORT LAUDERDALE, FL, 33338",UCC1,2
"12450 CENTRAL BLVD., LLC",1.00,Filed,02/02/2024,02/02/2029,02/23/2026,202400295121,0,1,CONNECTONE BANK,"301 SYLVAN AVENUE, ENGLEWOOD CLIFFS, NJ, 07632",,,,,,,,,1,"12450 CENTRAL BLVD., LLC","340 ROYAL POINCIANA WAY, SUITE 317-220, PALM BEACH, FL, 33480",UCC1,7
124 COCOANUT LLC,1.00,Filed,06/06/2024,06/06/2029,02/23/2026,202401501744,0,1,"KHRE SMA FUNDING, LLC","C/O KNIGHTHEAD FUNDING, LLC, 777 W. PUTNAM AVENUE, 3RD FL, SUITE B-2, GREENWICH, CT, 06830",,,,,,,,,1,124 COCOANUT LLC,"125 WORTH AVENUE, SUITE 200, PALM BEACH, FL, 33480",UCC1,4
"1240 NE 13TH AVENUE, LLC",1.00,Lapsed,10/21/2020,10/21/2025,02/23/2026,202005109701,0,1,"KENNETH E. FABRY MARITAL DEDUCTION TRUST A DATED APRIL 30, 2004","3149 HWY H, LAC DU FLAMBEAU, WI, 54538",,,,,,,,,1,"1240 NE 13TH AVENUE, LLC","PO BOX 7415, FORT LAUDERDALE, FL, 33338",UCC1,2
"1241 NE 14TH AVENUE, LLC",1.00,Lapsed,10/21/2020,10/21/2025,02/23/2026,202005109671,0,1,"KENNETH E. FABRY MARITAL DEDUCTION TRUST A DATED APRIL 30, 2004","3149 HWY H, LAC DU FLAMBEAU, WI, 54538",,,,,,,,,1,"1241 NE 14TH AVENUE, LLC","PO BOX 7415, FORT LAUDERDALE, FL, 33338",UCC1,2
"12450 CENTRAL BLVD., LLC",1.00,Filed,02/02/2024,02/02/2029,02/23/2026,202400295121,0,1,CONNECTONE BANK,"301 SYLVAN AVENUE, ENGLEWOOD CLIFFS, NJ, 07632",,,,,,,,,1,"12450 CENTRAL BLVD., LLC","340 ROYAL POINCIANA WAY, SUITE 317-220, PALM BEACH, FL, 33480",UCC1,7
124 COCOANUT LLC,1.00,Filed,06/06/2024,06/06/2029,02/23/2026,202401501744,0,1,"KHRE SMA FUNDING, LLC","C/O KNIGHTHEAD FUNDING, LLC, 777 W. PUTNAM AVENUE, 3RD FL, SUITE B-2, GREENWICH, CT, 06830",,,,,,,,,1,124 COCOANUT LLC,"125 WORTH AVENUE, SUITE 200, PALM BEACH, FL, 33480",UCC1,4
"1285 , LLC",0.00,No results,,,,,,,,,,,,,,,,,,,,,
"128 OCEAN VIEW, LLC",1.00,Lapsed,07/16/2004,07/16/2009,02/23/2026,20040743432X,2,1,PALM BEACH COUNTY BANK,"2130 CENTREPARK WEST DRIVE, WEST PALM BEACH, FL, 33409",,,,,,,,,2,"128 OCEAN VIEW, LLC","324 ROYAL PALM WAY, PALM BEACH, FL, 33450",UCC1,2
130 ALGOMA LLC,0.00,No close match,,,,,,,,,,,,,,,,,,,,,
130 BRAZILIAN PB LLC,0.00,No results,,,,,,,,,,,,,,,,,,,,,
"1338, LLC",0.62,Filed,03/18/2024,03/18/2029,02/23/2026,202400692392,2,2,ACCOLEND LLC,"310 CEDAR LANE, SUITE 3A, TEANECK, NJ, 07666",ATHENE ANNUITY AND LIFE COMPANY,"2121 ROSECRAND AVENUE, SUITE 5300, EL SEGUNDO, CA, 90245",,,,,,,1,1338 WEST LANE LLC,"59 MYRTLE ROAD, NAPLES, FL, 34108",UCC1,3
1377 LLC,0.00,No results,,,,,,,,,,,,,,,,,,,,,
1404NORTHLAKE LLC,1.00,Lapsed,02/04/2019,02/04/2024,02/23/2026,201907608905,0,1,"KHRE SMA FUNDING, LLC","33 BENEDICT PLACE, GREENWICH, CT, 06830",,,,,,,,,1,1404NORTHLAKE LLC,"222 LAKEVIEW AVE, SUITE 1500, WEST PALM BEACH, FL, 33401",UCC1,1
1404NORTHLAKE LLC,1.00,Lapsed,12/23/2020,12/23/2025,02/23/2026,202005697611,0,1,"KHRE SMA FUNDING, LLC","777 WEST PUTNAM AVENUE, SUITE 1-3, GREENWICH, CT, 06830",,,,,,,,,1,1404NORTHLAKE LLC,"222 LAKEVIEW AVENUE, SUITE 1500, WEST PALM BEACH, FL, 33401",UCC1,4
1450 HOLDINGS LLC,0.00,No close match,,,,,,,,,,,,,,,,,,,,,
1450 HOLDINGS LLC,0.00,No close match,,,,,,,,,,,,,,,,,,,,,
"1460 N LAKE WAY, LLC",1.00,Filed,07/20/2021,07/20/2026,02/23/2026,202107796716,1,1,"KHRE SMA FUNDING, LLC","777 W. PUTNAM AVE., 3RD FLOOR, SUITE B-2, GREENWICH, CT, 06830",,,,,,,,,5,"1460 N LAKE WAY, LLC","440 ROYAL PALM WAY STE 101, PALM BEACH, FL, 33480",UCC1,5
"1460 N LAKE WAY, LLC",1.00,Filed,06/27/2023,06/27/2028,02/23/2026,202301761167,2,1,"IBORROW CREDIT II, LP, AS ADMINISTRATIVE AGENT","12100 WILSHIRE BOULEVARD, SUITE 510, LOS ANGELES, CA, 90025",,,,,,,,,3,"1460 N LAKE WAY, LLC","440 ROYAL PALM BEACH WAY, SUITE 101, PALM BEACH, FL, 33480",UCC1,6
149 BRAZILIAN LLC.,0.00,No results,,,,,,,,,,,,,,,,,,,,,
1509 FLORIDA LLC,0.00,No close match,,,,,,,,,,,,,,,,,,,,,
"1510 NORTH LAKE WAY, LLC",0.00,No results,,,,,,,,,,,,,,,,,,,,,
"155 BRAZILIAN, LLC",0.00,No close match,,,,,,,,,,,,,,,,,,,,,
"1600 SOUTH DIXIE, LLC",1.00,Lapsed,06/10/2016,06/10/2021,02/23/2026,201607842090,0,1,FINEMARK NATIONAL BANK & TRUST,"12681 CREEKSIDE LANE, FORT MYERS, FL, 33919",,,,,,,,,3,"424 PALM, LLC","424 PALM ST., PALM BEACH, FL, 33401",UCC1,5
"1604 WPB, LLC",1.00,Lapsed,08/16/2004,08/16/2014,02/23/2026,200407663914,2,1,"WACHOVIA BANK, N.A.","214 NORTH HOGAN STREET, FL0070, JACKSONVILLE, FL, 32202",,,,,,,,,1,"1604 WPB, LLC","306 ROYAL POINCIANA WAY, PALM BEACH, FL, 33480",UCC1,2
1620 SOUTH OCEAN LLC,1.00,Lapsed,04/03/2003,04/03/2008,02/23/2026,200303646673,1,1,"UNION PLANTERS BANK, N.A.","1489 WEST PALMETTO PARK ROAD, 3RD FLOOR, BOCA RATON, FL, 33486",,,,,,,,,1,1620 SOUTH OCEAN LLC,"141 N.W. 20TH STREET, UNIT B-5, BOCA RATON, FL, 33431",UCC1,3
1734 PERUVIAN CORPORATION,1.00,Lapsed,11/06/1995,11/06/2000,02/23/2026,950000223345,1,1,ISLAND NATIONAL BANK AND TRUST COMPANY,"180 ROYAL PALM WAY, PALM BEACH, FL, 33480",,,,,,,,,1,1734 PERUVIAN CORPORATION,"PO BOX 2715, PALM BEACH, FL, 33480",UCC1,7
"176 DOUGLASS STREET,  LLC",0.98,Filed,10/03/2017,10/03/2027,02/23/2026,201702817561,1,1,INVESTORS BANK,"ATTN: LOAN SERVICING, 101 JFK PARKWAY, SHORT HILLS , NJ, 07078",,,,,,,,,3,"102 BERGEN STREET, LLC","2000 SOUTH OCEAN BLVD., APT. 307S , PALM BEACH , FL, 33480",UCC1,10
"176 DOUGLASS STREET,  LLC",0.98,Filed,10/03/2017,10/03/2027,02/23/2026,201702817561,1,1,INVESTORS BANK,"ATTN: LOAN SERVICING, 101 JFK PARKWAY, SHORT HILLS , NJ, 07078",,,,,,,,,3,"102 BERGEN STREET, LLC","2000 SOUTH OCEAN BLVD., APT. 307S , PALM BEACH , FL, 33480",UCC1,10
"1813 VENTURES, LLC",1.00,Lapsed,02/11/2019,02/11/2024,02/23/2026,201907668576,0,1,COMERICA BANK,"39200 SIX MILE ROAD, LIVONIA, MI, 48152",,,,,,,,,1,"1813 VENTURES, LLC","208 WESTMINSTER ROAD, WEST PALM BEACH, FL, 33405",UCC1,3
"1813 VENTURES, LLC",1.00,Lapsed,02/26/2019,02/26/2024,02/23/2026,201907888185,1,1,COMERICA BANK,"39200 SIX MILE ROAD, MC 7578, LIVONIA, MI, 48152",,,,,,,,,1,"1813 VENTURES, LLC","208 WESTMINISTER ROAD, WEST PALM BEACH, FL, 33405",UCC1,3
"191 BRADLEY PLACE PARTNERS, INC.",1.00,Lapsed,07/02/1999,07/02/2004,02/23/2026,990000149768,0,1,HOME FEDERAL BANK OF HOLLYWOOD,"1600 SOUTH FEDERAL HWY, HOLLYWOOD, FL, 33020",,,,,,,,,1,"191 BRADLEY PLACE PARTNERS, INC.","191 BRADLEY PLACE, PALM BEACH, FL, 33480",UCC1,2
"1960 OKEECHOBEE BLVD., LLC",1.00,Filed,09/04/2019,09/04/2029,02/23/2026,20190957384X,1,1,LEGACY BANK OF FLORIDA,"2300 GLADES ROAD, SUITE 140W, BOCA RATON, FL, 33431",,,,,,,,,1,"1960 OKEECHOBEE BLVD., LLC","1027 N. FLORIDA MANGO ROAD, SUITE 6, WEST PALM BEACH, FL, 33431",UCC1,6
1 ENTERPRISE DRIVE LLC,1.00,Filed,11/23/2021,11/23/2026,02/23/2026,202109249143,2,1,"WILMINGTON TRUST, NATIONAL ASSOCIATION, AS TRUSTEE,*","1100 NORTH MARKET STREET, WILMINGTON, DE, 19890",,,,,,,,,1,1 ENTERPRISE DRIVE LLC,"2315 IBIS ISLE ROAD E , PALM BEACH , FL, 33480",UCC1,5
1 ENTERPRISE DRIVE LLC,0.81,Filed,09/19/2024,09/19/2029,02/23/2026,202402483847,0,1,"C T CORPORATION SYSTEM, AS REPRESENTATIVE","330 N BRAND BLVD, SUITE 700; ATTN: SPRS, GLENDALE, CA, 91203",,,,,,,,,2,"1 ENTERPRISE MAS, LLC","7245 CHANCERY LANE, ORLANDO, FL, 32809",UCC1,2
1ST UNITED BANK,0.00,No results,,,,,,,,,,,,,,,,,,,,,
"THE 2000 CONDOMINIUM ASSOCIATION, INC.",1.00,Lapsed,08/20/2004,08/20/2019,02/23/2026,200407706303,5,1,"PNC BANK, NATIONAL ASSOCIATION","249 FIFTH AVE., MS P1-POPP-BL-7, PITTSBURGH, PA, 15222",,,,,,,,,1,"THE 2000 CONDOMINIUM ASSOCIATION, INC.","2000 S. OCEAN BLVD.., PALM BEACH, FL, 33480",UCC1,1
"THE 2000 CONDOMINIUM ASSOCIATION, INC.",1.00,Lapsed,10/03/2013,10/03/2023,02/23/2026,201309959909,3,1,"WELLS FARGO BANK, N.A.","P.O. BOX 2705, WINSTON-SALEM, NC, 27101-0101",,,,,,,,,1,"THE 2000 CONDOMINIUM ASSOCIATION, INC.","2000 SOUTH OCEAN BLVD, PALM BEACH, FL, 33480-5206",UCC1,1
"2000 FLORIDA MANGO, INC.",1.00,Filed,06/06/2020,06/06/2030,02/23/2026,202002060132,1,1,U.S. SMALL BUSINESS ADMINISTRATION,"2 NORTH STREET, SUITE 320, BIRMINGHAM, AL, 35203",,,,,,,,,1,"2000 FLORIDA MANGO, INC.","3250 S OCEAN BLVD APT 106N, PALM BEACH, FL, 33480",UCC1,1
"2000 FLORIDA MANGO, INC.",0.80,Lapsed,04/20/2000,04/20/2005,02/23/2026,200000092795,1,1,DOROTHY CRALLE SAMSON FAMILY TRUST,"226 HILLCREST ST, ORLANDO, FL, 32801",,,,,,,,,2,2000 FLORIDA STORES INC,"4270 ALOMA AVE, WINTER PARK, FL, 32792",UCC1,1
"200 BAHAMA, LLC",1.00,Filed,06/08/2021,06/08/2026,02/23/2026,202107328844,1,1,FLAGLER BANK,"555 NORTHLAKE BOULEVARD, SUITE 200, NORTH PALM BEACH, FL, 33408",,,,,,,,,1,"200 BAHAMA, LLC","249 PERUVIAN AVENUE, SUITE F-2, PALM BEACH, FL, 33480",UCC1,2
"200 CLARKE AVENUE, LLC",1.00,Lapsed,04/04/2005,04/04/2010,02/23/2026,200509352276,1,1,"WACHOVIA BANK, NATIONAL ASSOCIATION","3601 PGA BOULEVARD, SUITE 200, PALM BEACH GARDENS, FL, 33410",,,,,,,,,1,"200 CLARKE AVENUE, LLC","C/O STF PALM BEACH, INC., 999 INDIAN ROAD, PALM BEACH, FL, 33480",UCC1,3
"202 GOMEZ ROAD, LLC",0.00,No results,,,,,,,,,,,,,,,,,,,,,
"202 GOMEZ ROAD, LLC",1.00,Lapsed,09/08/2010,09/08/2015,02/23/2026,201003172200,0,1,FIFTH THIRD BANK,"999 VANDERBILT BEACH ROAD, B9997E, NAPLES, FL, 34108",,,,,,,,,1,"202 GOMEZ ROAD, LLC","1300 N. MANGO ROAD, SUITE 15, WEST PALM BEACH, FL, 33409",UCC1,1
"202 GOMEZ ROAD, LLC",1.00,Lapsed,12/30/2005,12/30/2015,02/23/2026,200501523756,3,1,FIFTH THIRD BANK,"999 VANDERBILT BEACH ROAD 1MOC2A, NAPLES, FL, 34108",,,,,,,,,1,"202 GOMEZ ROAD, LLC","400 ROYAL PALM WAY, SUITE 304, PALM BEACH, FL, 33480",UCC1,7
"204 RPW, LLC",1.00,Lapsed,11/12/2015,11/12/2020,02/23/2026,201505693762,0,1,FIRST REPUBLIC BANK,"111 PINE STREET, SAN FRANCISCO, CA, 94111",,,,,,,,,1,"204 RPW, LLC","251 ROYAL PALM WAY, SUITE 215, PALM BEACH, FL, 33480",UCC1,4
"205 ROYAL PALM WAY, LLC",1.00,Lapsed,02/08/2016,02/08/2021,02/23/2026,201606444652,1,1,COMERICA BANK,"1675 MILITARY TRAIL, 6TH FLOOR, BOCA RATON, FL, 33486",,,,,,,,,1,"205 ROYAL PALM WAY, LLC","222 LAKEVIEW AVENUE, SUITE 1550, WEST PALM BEACH, FL, 33401",UCC1,2
208 ANGLER LLC,0.00,No results,,,,,,,,,,,,,,,,,,,,,
208 SANDPIPER LLC,0.85,Lapsed,08/25/2004,08/25/2009,02/23/2026,20040773627X,1,1,MERCANTILE BANK,"200 E. LAS OLAS BLVD., SUITE 1820, FT. LAUDERDALE, FL, 33301",,,,,,,,,1,"208 SANDPIPER DRIVE, LLC","208 SANDPIPER DRIVE, PALM BEACH, FL, 33480",UCC1,4
"THE 2100 CONDOMINIUM ASSOCIATION, INC.",1.00,Lapsed,06/06/2005,06/06/2015,02/23/2026,200509859222,1,1,"WACHOVIA BANK, NATIONAL ASSOCIATION","225 WATER STREET, JACKSONVILLE, FL, 32202",,,,,,,,,1,"THE 2100 CONDOMINIUM ASSOCIATION, INC.","2100 S. OCEAN BLVD., PALM BEACH, FL, 33480",UCC1,2
"THE 2100 CONDOMINIUM ASSOCIATION, INC.",1.00,Lapsed,03/03/2015,03/03/2020,02/23/2026,201503190380,1,1,"WELLS FARGO BANK, N.A.","P.O. BOX 2705, WINSTON-SALEM, NC, 27101-0101",,,,,,,,,1,"THE 2100 CONDOMINIUM ASSOCIATION, INC.","2100 S. OCEAN BLVD., PALM BEACH, FL, 33480",UCC1,1
"210 OSCEOLA WAY, LLC",1.00,Filed,05/25/2021,05/25/2026,02/23/2026,202107190567,1,1,FLAGLER BANK,"555 NORTHLAKE BOULEVARD, SUITE 200, NORTH PALM BEACH, FL, 33408",,,,,,,,,1,"210 OSCEOLA WAY, LLC","250 QUEENS LANE, PALM BEACH, FL, 33480",UCC1,2
"210 WEST INDIES, LLC",0.00,No results,,,,,,,,,,,,,,,,,,,,,
"211 CAPITAL, LLC",1.00,Lapsed,02/28/2017,02/28/2022,02/23/2026,201700435823,0,1,"CORPORATION SERVICE COMPANY, AS REPRESENTATIVE","PO BOX 2576, UCCSPREP@CSCINFO.COM, SPRINGFIELD, IL, 62708",,,,,,,,,2,211 CAPITAL LLC,"3170 S OCEAN BLVD, PALM BEACH, FL, 33480",UCC1,1
211 OCEAN TERRACE LLC,1.00,Lapsed,12/18/2013,12/18/2018,02/23/2026,201300410556,1,1,"SABADELL UNITED BANK, A NATIONAL BANKING ASSOCIATION","1111 BRICKELL AVENUE, 30TH FLOOR, MIAMI, FL, 33131",,,,,,,,,4,201 OCEAN TERRACE LLC,"222 LAKEVIEW AVENUE, SUITE 1500, WEST PALM BEACH, FL, 33401",UCC1,4
2200 OKEECHOBEE BLVD LLC,1.00,Filed,04/02/2021,04/02/2031,02/23/2026,202106660438,1,1,CITY NATIONAL BANK OF FLORIDA,"100 S.E. 2ND STREET, 13TH FLOOR, MIAMI, FL, 33131",,,,,,,,,1,2200 OKEECHOBEE BLVD LLC,"340 ROYAL POINCIANA WAY, SUITE M314, PALM BEACH, FL, 33480",UCC1,5
"220 PB, LLC",0.00,No results,,,,,,,,,,,,,,,,,,,,,
"220 PB, LLC",1.00,Filed,05/03/2021,05/03/2026,02/23/2026,202106951238,0,1,CONNECTONE BANK,"301 SYLVAN AVE, ENGLEWOOD CLIFFS, NJ, 07632",,,,,,,,,1,"220 PB, LLC","235 BANYAN ROAD, PALM BEACH, FL, 33480",UCC1,5
"221 RPW, LLC",1.00,Lapsed,02/05/2008,02/05/2013,02/23/2026,200807581079,0,1,"POTOMAC REALTY CAPITAL, LLC","75 SECOND AVENUE, SUITE 605, NEEDHAM, MA, 02494",,,,,,,,,1,"221 RPW, LLC","250 ROYAL PALM WAY, BOCA RATON, FL, 32480",UCC1,2
2295 SOUTH OCEAN BOULEVARD CORP,0.00,No results,,,,,,,,,,,,,,,,,,,,,
"231 NIGHTINGALE TRAIL, LLC",1.00,Lapsed,06/11/2007,06/11/2012,02/23/2026,200705746524,3,1,"WACHOVIA BANK, NATIONAL ASSOCIATION","3601 PGA BOULEVARD, SUITE 200, PALM BEACH GARDENS, FL, 33410",,,,,,,,,1,"231 NIGHTINGALE TRAIL, LLC","221 EL BRAVO WAY, PALM BEACH, FL, 33480",UCC1,4
234 OLEANDER FLORIDA LLC,1.00,Lapsed,04/17/2007,04/17/2017,02/23/2026,200705316198,2,1,VIRGINIA COMMERCE BANK,"5350 LEE HIGHWAY, ARLINGTON, VA, 22207",,,,,,,,,1,234 OLEANDER FLORIDA LLC,"4915 AUBURN AVE, STE 200, BETHESDA, MD, 20814",UCC1,5
234 OLEANDER FLORIDA LLC,1.00,Lapsed,04/17/2007,04/17/2017,02/23/2026,200705316198,2,1,VIRGINIA COMMERCE BANK,"5350 LEE HIGHWAY, ARLINGTON, VA, 22207",,,,,,,,,1,234 OLEANDER FLORIDA LLC,"4915 AUBURN AVE, STE 200, BETHESDA, MD, 20814",UCC1,5
235 VIA VIZCAYA LLC,1.00,Lapsed,12/10/2018,12/10/2023,02/23/2026,201807201536,0,1,IBERIABANK,"1101 EAST ADMIRAL DOYLE DRIVE,, P.O. BOX 12440, NEW IBERIA, LA, 70562-2440",,,,,,,,,1,235 VIA VIZCAYA LLC,"340 ROYAL POINCIANA WAY #317-337, PALM BEACH, FL, 33480",UCC1,1
236 PHIPPS PLAZA PROPERTIES PARTNERS LLC,0.00,No close match,,,,,,,,,,,,,,,,,,,,,
2410 LLC,0.62,Lapsed,04/07/2008,04/07/2018,02/23/2026,200808030653,4,1,"U.S. BANK NATIONAL ASSOCIATION, AS TRUSTEE FOR THE REGISTERED HOLDERS OF CI","209 SOUTH LASALLE STREET, STE 300, CHICAGO, IL, 60604",,,,,,,,,1,"2410 RIDGEWOOD, LLC","5111 RIDGEWOOD AVENUE, SUITE 300, PORT ORANGE, FL, 32127",UCC1,4
2410 LLC,0.80,Lapsed,03/24/2016,03/24/2021,02/23/2026,201607037406,1,1,CORNERSTONE COMMUNITY BANK,"6300 4TH STREET NORTH, ST PETERSBURG, FL, 33702",,,,,,,,,1,"2410-12-14, LLC","P.O. BOX 7598, ST. PETERSBURG, FL, 33734",UCC1,4
241 JUNGLE ROAD #2 LLC,1.00,Lapsed,05/11/2020,05/11/2025,02/23/2026,202001569392,0,1,"MAXIM CREDIT GROUP, LLC","660 MADISON AVENUE, SUITE 1700, NEW YORK, NY, 10065",,,,,,,,,1,241 JUNGLE ROAD #2 LLC,"223 PERUVIAN AVENUE, PALM BEACH, FL, 33480",UCC1,4
"249 ROYAL POINCIANA WAY, LLC",1.00,Lapsed,09/13/2018,09/13/2023,02/23/2026,201806500033,1,1,CENTENNIAL BANK,"P.O. BOX 906, CONWAY, AR, 72033",,,,,,,,,1,"249 ROYAL POINCIANA WAY, LLC","222 LAKEVIEW AVENUE, SUITE 1550, WEST PALM BEACH, FL, 33401",UCC1,3
2500 SOUTH OCEAN BOULEVARD,0.00,No close match,,,,,,,,,,,,,,,,,,,,,
"2500 SOUTH OCEAN BOULEVARD CONDOMINIUM ASSOCIATION, INC.",1.00,Lapsed,09/04/2012,09/04/2017,02/23/2026,201207448417,2,1,VALLEY NATIONAL BANK,"1455 VALLEY ROAD, WAYNE, NJ, 07470",,,,,,,,,1,"2500 SOUTH OCEAN BOULEVARD CONDOMINIUM ASSOCIATION, INC.","2500 SOUTH OCEAN BOULEVARD, PALM BEACH, FL, 33480",UCC1,1
"2500 SOUTH OCEAN BOULEVARD CONDOMINIUM ASSOCIATION, INC.",1.00,Lapsed,07/07/2015,07/07/2020,02/23/2026,201504323457,0,1,US SMALL BUSINESS ADMINISTRATION,"801 TOM MARTIN DR., STE. 120, BIRMINGHAM, AL, 35211",,,,,,,,,1,"2500 SOUTH OCEAN BOULEVARD CONDOMINIUM ASSOCIATION, INC.","2500 S OCEAN BLVD., BLDG 2, PALM BEACH, FL, 33480",UCC1,1
"251 DUNBAR, LLC",1.00,Lapsed,05/29/2018,05/29/2023,02/23/2026,201805367011,1,1,TREZ CAPITAL (FLORIDA) CORPORATION,"#1550-1185 W. GEORGIA STREET, VANCOUVER BC V6E 4E6 CANADA",,,,,,,,,1,"251 DUNBAR, LLC","170 DUNBAR ROAD, PALM BEACH, FL, 33480",UCC1,4
"251 DUNBAR, LLC",1.00,Lapsed,11/05/2018,11/05/2023,02/23/2026,201806946929,0,1,FIRST REPUBLIC BANK,"111 PINE STREET, SAN FRANCISCO, CA, 94111",,,,,,,,,1,"251 DUNBAR, LLC","251 DUNBAR ROAD, PALM BEACH, FL, 33480",UCC1,7
"251 PARTNERS, LLC",0.00,No results,,,,,,,,,,,,,,,,,,,,,
"255 BAHAMA LANE, LLC",1.00,Lapsed,04/11/2014,04/11/2019,02/23/2026,201401208043,0,1,"SABADELL UNITED BANK, A NATIONAL BANKING ASSOCIATION","1111 BRICKELL AVENUE, 30TH FLOOR, MIAMI, FL, 33131",,,,,,,,,2,"255 BAHAMA LANE, LLC","C/O MADDOCK, 317 PERUVIAN AVENUE, SUITE 204, PALM BEACH, FL, 33480",UCC1,1
"255 BAHAMA LANE, LLC",1.00,Filed,07/01/2014,07/01/2029,02/23/2026,201401728020,2,1,"SABADELL UNITED BANK, N.A.","1111 BRICKELL AVENUE, 30TH FLOOR, MIAMI, FL, 33131-3128",,,,,,,,,1,"255 BAHAMA LANE, LLC","317 PERUVIAN, SUITE 204, PALM BEACH, FL, 33480",UCC1,1
257 RESTAURANT LLC,1.00,Lapsed,08/21/2020,08/21/2025,02/23/2026,202004416465,0,1,U.S. SMALL BUSINESS ADMINISTRATION,"2 NORTH STREET, SUITE 320, BIRMINGHAM, AL, 35203",,,,,,,,,1,257 RESTAURANT LLC,"257 ROYAL POINCIANA WAY, PALM BEACH, FL, 33480",UCC1,1
257 RESTAURANT LLC,0.00,No results,,,,,,,,,,,,,,,,,,,,,
"260 SOUTH OCEAN BOULEVARD, LLC",0.00,No close match,,,,,,,,,,,,,,,,,,,,,
"261 SUMMA, LLC",1.00,Filed,09/29/2025,09/29/2030,02/23/2026,20250374414X,0,1,"WORLD'S FAIR CAPITAL FUND I, LLC","10299 SOUTHERN BOULEVARD, SUITE 211951, ROYAL PALM BEACH, FL, 33411",,,,,,,,,1,"261 SUMMA, LLC","202 PALMETTO LANE, WEST PALM BEACH, FL, 33405",UCC1,1
261 SUMMA LLC,1.00,Filed,09/29/2025,09/29/2030,02/23/2026,20250374414X,0,1,"WORLD'S FAIR CAPITAL FUND I, LLC","10299 SOUTHERN BOULEVARD, SUITE 211951, ROYAL PALM BEACH, FL, 33411",,,,,,,,,1,"261 SUMMA, LLC","202 PALMETTO LANE, WEST PALM BEACH, FL, 33405",UCC1,1
"264 - THE GRILL, INC.",0.88,Lapsed,09/22/1993,09/22/1998,02/23/2026,930000198156,0,1,DEMARINIS           VICTOR        A,"2253 IBIS ISLE, PALM BEACH, FL, 33480",,,,,,,,,2,264 - THE GRILL INC,"264 S COUNTY RD, PALM BEACH, FL, 33480",UCC1,1
"264 - THE GRILL, INC.",1.00,Lapsed,09/22/1993,09/22/1998,02/23/2026,930000198156,0,1,DEMARINIS           VICTOR        A,"2253 IBIS ISLE, PALM BEACH, FL, 33480",,,,,,,,,2,264 - THE GRILL INC,"264 S COUNTY RD, PALM BEACH, FL, 33480",UCC1,1
"2774 SOUTH OCEAN, INC.",1.00,Lapsed,10/25/2017,10/25/2022,02/23/2026,201703063307,1,1,BANCO POPULAR NORTH AMERICA,"85 BROAD STREET, 10TH FLOOR, NEW YORK, NY, 10004",,,,,,,,,1,"2774 SOUTH OCEAN, INC.","2774 S. OCEAN BOULEVARD, PALM BEACH, FL, 33480",UCC1,2
"2774 SOUTH OCEAN, INC.",1.00,Filed,03/23/2022,03/23/2027,02/23/2026,202200928333,0,1,POPULAR BANK,"85 BROAD STREET, 10TH FLOOR, NEW YORK, NY, 10004",,,,,,,,,1,"2774 SOUTH OCEAN, INC.","2774 SOUTH OCEAN BOULEVARD, PALM BEACH, FL, 33480",UCC1,2
"2800, LLC",0.80,Filed,05/31/2022,05/31/2027,02/23/2026,202201778912,0,1,"TG CAPITAL LENDING LLC, A FLORIDA LIMITED LIABILITY COMPANY","18205 BISCAYNE BOULEVARD, STE 2226, AVENTURA, FL, 33160",,,,,,,,,1,2800-1501 LLC,"3900 ISLAND BOULEVARD, B302, AVENTURA, FL, 33160",UCC1,3
"2806 ENTERPRISES, INC.",1.00,Lapsed,06/29/1995,06/29/2000,02/23/2026,950000129695,0,2,GREENWALD           ALLEN         R,"1320 S DIXIE HWY STE 781, CORAL GABLES, FL",GREENWALD           JILL          F,"1320 S DIXIE HWY STE 781, CORAL GABLES, FL",,,,,,,2,JOSEPH A SANGI REVOCABLE LIVING TRUST,"609 N VICTORIA PARK RD, FT LAUDERDALE, FL",UCC1,4
"2806 ENTERPRISES, INC.",1.00,Lapsed,08/27/1997,08/27/2002,02/23/2026,970000193386,0,1,ORIX CREDIT ALLIANCE INC,"1625 NW AMBERGIEN CT #100, BEAVERTON, OR, 97006",,,,,,,,,1,2806 ENTERPRISES INC,"2800 BROADWAY, WEST PALM BEACH, FL, 33407",UCC1,3
"280 NCR, LLC",1.00,Lapsed,01/10/2018,01/10/2023,02/23/2026,201803773071,0,1,FIRST REPUBLIC BANK,"111 PINE STREET, SAN FRANCISCO, CA, 94111",,,,,,,,,1,"280 NCR, LLC","201 DUNBAR ROAD, PALM BEACH, FL, 33480",UCC1,7
"2875 DEVELOPMENT GROUP, LLC",1.00,Lapsed,11/15/2001,11/15/2006,02/23/2026,200190359941,0,1,FIRST UNION NATIONAL BANK,"200 EAST BROWARD BLVD, 9TH FLOOR, FORT LAUDERDALE, FL, 33301",,,,,,,,,1,2875 DEVELOPMENT GROUP LLC,"214 BRIAILIAN AVE., SUITE 200, PALM BEACH, FL, 33480",UCC1,5
"2875 DEVELOPMENT GROUP, LLC",1.00,Lapsed,04/13/2007,04/13/2012,02/23/2026,200705287597,1,1,COMMERCE BANK NA,"1900 MARKET ST, PHILADELPHIA, PA, 19103",,,,,,,,,2,2875 DEVELOPMENT GROUP LLC,"214 BRAZILIAN AVE, STE 200, PALM BEACH, FL, 33480",UCC1,6
"28TH STREET, LLC",0.00,No results,,,,,,,,,,,,,,,,,,,,,
"2914 WASHINGTON RD, LLC",1.00,Lapsed,06/23/2016,06/23/2021,02/23/2026,201607970692,1,1,SEACOAST NATIONAL BANK,"815 COLORADO AVENUE, STUART, FL, 34994",,,,,,,,,1,"2914 WASHINGTON RD, LLC","404 SEASPRAY AVENUE, PALM BEACH, FL, 33480",UCC1,5
"2921, LLC",0.00,No close match,,,,,,,,,,,,,,,,,,,,,
298 TRADEWINDS LIMITED PARTNERSHIP,1.00,Lapsed,03/28/1994,03/28/1999,02/23/2026,940000062127,1,1,ISLAND NATIONAL BANK AND TRUST COMPANY,"180 ROYAL PALM WAY, PALM BEACH, FL, 33480",,,,,,,,,1,298 TRADEWINDS LIMITED PARTNERSHIP,"209 PHIPPS PLZ, PALM BEACH, FL, 33480",UCC1,4
"2DPB, LLC",1.00,Filed,05/23/2019,05/23/2029,02/23/2026,201908700627,2,1,IBERIABANK,"1101 EAST ADMIRAL DOYLE DRIVE, P. O. BOX 12440, NEW IBERIA, LA, 705622440",,,,,,,,,1,"2DPB, LLC","1100 N LAKE WAY, PALM BEACH, FL, 33480",UCC1,1
"2DPB, LLC",1.00,Filed,07/10/2025,07/10/2030,02/23/2026,202502662379,0,1,FIRST HORIZON BANK,"PO BOX 132, MEMPHIS, TN, 38101",,,,,,,,,2,"2DPB, LLC","1100 N LAKE WAY, PALM BEACH, FL, 33480",UCC1,1
"2FF ENTERTAINMENT, LLC",0.00,No results,,,,,,,,,,,,,,,,,,,,,
"300 SOUTH OCEAN BOULEVARD APARTMENTS, INC.",1.00,Filed,10/21/2016,10/21/2026,02/23/2026,201609208674,3,1,"TRUIST BANK, FORMERLY KNOWN AS BRANCH BANKING AND TRUST COMPANY","P.O. BOX 1626, WILSON, NC, 278949961",,,,,,,,,2,"300 SOUTH OCEAN BOULEVARD APARTMENTS, INC.","300 SOUTH OCEAN BLVD., PALM BEACH, FL, 33480",UCC1,1
"300 SOUTH OCEAN BOULEVARD APARTMENTS, INC.",1.00,Filed,10/21/2016,10/21/2026,02/23/2026,201609208674,3,1,"TRUIST BANK, FORMERLY KNOWN AS BRANCH BANKING AND TRUST COMPANY","P.O. BOX 1626, WILSON, NC, 278949961",,,,,,,,,2,"300 SOUTH OCEAN BOULEVARD APARTMENTS, INC.","300 SOUTH OCEAN BLVD., PALM BEACH, FL, 33480",UCC1,1
301 PLANTATION LLC,1.00,Filed,02/07/2024,02/07/2029,02/23/2026,202400334445,0,1,PLANTATION ROAD SERVICING LLC,"C/O GOODMAN CAPITAL LLC, 330 GREAT NECK ROAD, GREAT NECK, NY, 11021",,,,,,,,,1,301 PLANTATION LLC,"529 S FLAGLER DRIVE, #TH3E, WEST PALM BEACH, FL, 33401",UCC1,4
"3120 CONDOMINIUM ASSOCIATION, INC.",1.00,Lapsed,11/23/2004,11/23/2019,02/23/2026,200408376331,3,1,"KISLAK NATIONAL BANK, A NATIONAL BANKING ASSOCIATION","7900 MIAM LAKES DRIVE WEST, MIAMI LAKES, FL, 33016",,,,,,,,,1,"3120 CONDOMINIUM ASSOCIATION, INC.","3120 S. OCEAN BLVD, PALM BEACH, FL, 33480",UCC1,1
"3120 CONDOMINIUM ASSOCIATION, INC.",1.00,Lapsed,05/29/2015,05/29/2025,02/23/2026,201503885729,2,1,"BANK OF AMERICA, N.A.","DOC RETENTION CENTER, NC1-005-13, ONE INDEPENDENCE CENTER, 101 N. TRYON STREET, CHARLOTTE, NC, 28255-0001",,,,,,,,,1,"3120 CONDOMINIUM ASSOCIATION, INC.","3120 S. OCEAN BLVD., PALM BEACH, FL, 33482",UCC1,2
"314 FOODS, INC.",1.00,Lapsed,10/01/2013,10/01/2018,02/23/2026,20130994619X,1,1,"SYSCO SOUTHEAST FLORIDA, LLC","1999 MARTIN LUTHER KING BLVD., RIVIERA BEACH, FL, 33404",,,,,,,,,1,"314 FOODS, INC.","314 SOUTH COUNTY ROAD, PALM BEACH, FL, 33480",UCC1,5
"314 FOODS, INC.",1.00,Lapsed,10/01/2013,10/01/2018,02/23/2026,201309946203,0,1,"SYSCO SOUTHEAST FLORIDA, LLC","1999 MARTIN LUTHER KING BLVD., RIVIERA BEACH, FL, 33404",,,,,,,,,1,"314 FOODS, INC.","314 SOUTH COUNTY ROAD, PALM BEACH, FL, 33480",UCC1,6
"31STNW, LLC",0.00,No close match,,,,,,,,,,,,,,,,,,,,,
320 SUNSET ROAD LLC,0.00,No results,,,,,,,,,,,,,,,,,,,,,
323 CHILEAN LLC,1.00,Filed,10/26/2023,10/26/2028,02/23/2026,202302943358,0,1,"MAXIM CREDIT GROUP, LLC","600 MADISON AVENUE, 17TH FLOOR, NEW YORK, NY, 10022",,,,,,,,,1,323 CHILEAN LLC,"277 ROYAL POINCIANA WAY, SUITE 218, PALM BEACH, FL, 33480",UCC1,1
325 GARDEN LLC,0.85,Lapsed,12/18/2013,12/18/2018,02/23/2026,201300410556,1,1,"SABADELL UNITED BANK, A NATIONAL BANKING ASSOCIATION","1111 BRICKELL AVENUE, 30TH FLOOR, MIAMI, FL, 33131",,,,,,,,,4,201 OCEAN TERRACE LLC,"222 LAKEVIEW AVENUE, SUITE 1500, WEST PALM BEACH, FL, 33401",UCC1,4
329 WORTH AVENUE LLC,1.00,Filed,02/02/2021,02/02/2031,02/23/2026,202106057383,2,1,"UNITED COMMUNITY BANK, DBA SEASIDE BANK AND TRUST","201 S. ORANGE AVENUE, STE. 1350, ORLANDO, FL, 32801",,,,,,,,,1,329 WORTH AVENUE LLC,"329 WORTH AVENUE LLC, PALM BEACH, FL, 33480",UCC1,3
"3301 NORTH LAKE BLVD.,LLC",0.00,No results,,,,,,,,,,,,,,,,,,,,,
"3305 NORTHLAKE BLVD., LLC",1.00,Filed,08/02/2021,08/02/2031,02/23/2026,202107941228,2,1,LEGACY BANK OF FLORIDA,"2300 GLADES ROAD, SUITE 140W, BOCA RATON, FL, 33431",,,,,,,,,2,"3301 NORTH LAKE BLVD., LLC","1027 NORTH FLORIDA MANGO ROAD, SUITE 2, WEST PALM BEACH, FL, 33409",UCC1,8
"330 SOUTH OCEAN, INC.",1.00,Lapsed,10/05/2018,10/05/2023,02/23/2026,201806718853,1,1,FIRST REPUBLIC BANK,"111 PINE STREET, SAN FRANCISCO, CA, 94111",,,,,,,,,1,"330 SOUTH OCEAN, INC.","330 SOUTH OCEAN BLVD., PALM BEACH, FL, 33480",UCC1,1
331 SOUTH COUNTY ROAD CORP.,1.00,Lapsed,08/21/2003,08/21/2013,02/23/2026,200304768195,2,1,"TD BANK, N.A.","2059 SPRINGDALE ROAD, CHERRY HILLS, NJ, 08003",,,,,,,,,1,331 SOUTH COUNTY ROAD CORP.,"331 SOUTH COUNTY RD., PALM BEACH, FL, 33480",UCC1,2
331 SOUTH COUNTY ROAD CORP.,1.00,Lapsed,11/16/2006,11/16/2016,02/23/2026,200604163620,3,1,"TD BANK, N.A. AS SUCCESSOR BY MERGER TO COMMERCE BANK, N.A.","1701 ROUTE 70 EAST, CHERRY HILL, NJ, 08034",,,,,,,,,1,331 SOUTH COUNTY ROAD CORP.,"331 SOUTH COUNTY ROAD, PALM BEACH, FL, 33480",UCC1,1
"3322 FLAGLER, LLC",1.00,Lapsed,01/04/2016,01/04/2021,02/23/2026,201606136044,0,1,"LANDMARK BANK, N.A.","6300 NE 1ST AVENUE, SUITE 300, FORT LAUDERDALE, FL, 33334",,,,,,,,,1,"3322 FLAGLER, LLC","277 ROYAL POINCIANA WAY, #156, PALM BEACH, FL, 33480",UCC1,3
"3322 FLAGLER, LLC",0.84,Lapsed,08/26/2013,08/26/2018,02/23/2026,201309707217,1,1,PREFERRED COMMUNITY BANK,"4379 COLONIAL BLVD., #100, FORT MYERS, FL, 33966",,,,,,,,,1,3322 FOWLER LLC,"3322 FOWLER STREET, FORT MYERS, FL, 33901",UCC1,1
"336 PARTNERS, INC",1.00,Lapsed,04/27/2016,04/27/2021,02/23/2026,201607441037,1,1,"TD BANK, N.A.","P.O. BOX 1029, SC1-094-102, GREENVILLE, SC, 29602",,,,,,,,,2,"336 PARTNERS, INC","336 SOUTH COUNTY ROAD, PALM BEACH, FL, 33480",UCC1,5
"336 PARTNERS, INC",1.00,Lapsed,04/16/2003,04/16/2013,02/23/2026,200303750373,2,1,ENTERPRISE NATIONAL BANK OF PALM BEACH,"3980 RCA BOULEVARD, SUITE 8012, PALM BAECH GARDENS, FL, 33410",,,,,,,,,1,"336 PARTNERS, INC.","336 S. COUNTY ROAD, PALM BEACH, FL, 33480",UCC1,7
"3407, LLC",0.80,Lapsed,04/18/2005,04/18/2010,02/23/2026,200509451258,0,1,OCEAN BANK,"780 NW 42 AVNEUE, MIAMI, FL, 33126",,,,,,,,,1,"3407 DAY, LLC","2665 SOUTH BAYSHORE DRIVE, SUITE 609, MIAMI, FL, 33133",UCC1,2
3409 FLAGLER LLC,1.00,Lapsed,08/17/2020,08/17/2025,02/23/2026,202004322452,0,1,U.S. SMALL BUSINESS ADMINISTRATION,"2 NORTH STREET, SUITE 320, BIRMINGHAM, AL, 35203",,,,,,,,,1,3409 FLAGLER LLC,"205 WORTH AVE, PALM BEACH, FL, 33480",UCC1,1
3409 FLAGLER LLC,1.00,Filed,12/01/2025,12/01/2030,02/23/2026,202504497251,0,1,U.S. SMALL BUSINESS ADMINISTRATION,"PO BOX 156059, FORT WORTH, TX, 76155",,,,,,,,,1,3409 FLAGLER LLC,"205 WORTH AVE, PALM BEACH, FL, 33480",UCC1,1
341 PERUVIAN LLC,1.00,Lapsed,08/09/2005,08/09/2010,02/23/2026,200500399679,0,1,LYDIAN PRIVATE BANK,"180 ROYAL PALM WAY, PALM BEACH, FL, 33480",,,,,,,,,1,341 PERUVIAN LLC,"245 SUNRISE AVENUE, PALM BEACH, FL, 33480",UCC1,4
"3451 OLDE HAMPTON DRIVE, LLC",0.00,No results,,,,,,,,,,,,,,,,,,,,,
"3500, LLC",1.00,Lapsed,08/15/2018,08/15/2023,02/23/2026,201806202229,0,1,"CORPORATION SERVICE COMPANY, AS REPRESENTATIVE","P.O. BOX 2576, UCCSPREP@CSCINFO.COM, SPRINGFIELD, IL, 62708",,,,,,,,,3,"3500, LLC","4650 DONALD ROSS RD STE A100, PALM BEACH GARDENS, FL, 33418",UCC1,5
350 SEASPRAY AVE LLC,1.00,Lapsed,01/22/2020,01/22/2025,02/23/2026,202000683477,0,1,FLAGER BANK,"555 NORTHLAKE BOULEVARD, SUITE 200, NORTH PALM BEACH, FL, 33408",,,,,,,,,1,350 SEASPRAY AVE LLC,"259 MERRIAN ROAD, PALM BEACH, FL, 33480",UCC1,2
"3600 SOUTH OCEAN CONDOMINIUM ASSOCIATION, INC.",1.00,Lapsed,01/24/2014,01/24/2019,02/23/2026,201400619899,0,1,BRANCH BANKING AND TRUST,"5830 142ND AVENUE NORTH, CLEARWATER, FL, 33760",,,,,,,,,1,"3600 SOUTH OCEAN CONDOMINIUM ASSOCIATION, INC.","3600 SOUTH OCEAN BLVD., PALM BEACH, FL, 33480",UCC1,1
"3600 SOUTH OCEAN CONDOMINIUM ASSOCIATION, INC.",1.00,Filed,03/22/2021,03/22/2031,02/23/2026,202106536843,1,1,TRUIST BANK,"P O BOX 1626, WILSON, NC, 278949961",,,,,,,,,1,"3600 SOUTH OCEAN CONDOMINIUM ASSOCIATION, INC.","3600 S. OCEAN BLVD., WEST PALM BEACH, FL, 33840",UCC1,1
"3800, LLC",0.00,No close match,,,,,,,,,,,,,,,,,,,,,
"3835 MAIN, LLC",1.00,Lapsed,08/31/2015,08/31/2020,02/23/2026,201504860401,0,1,MASCOMA SAVINGS BANK,"PO BOX 1274, WHITE RIVER JUNCTION, VT, 05001",,,,,,,,,1,"3835 MAIN, LLC","277 ROYAL POINCIANA WAY, #156, PALM BEACH, FL, 33480",UCC1,1
"3835 MAIN, LLC",1.00,Lapsed,08/31/2015,08/31/2020,02/23/2026,201504860401,0,1,MASCOMA SAVINGS BANK,"PO BOX 1274, WHITE RIVER JUNCTION, VT, 05001",,,,,,,,,1,"3835 MAIN, LLC","277 ROYAL POINCIANA WAY, #156, PALM BEACH, FL, 33480",UCC1,1
"3 ROSES, INC.",0.00,No close match,,,,,,,,,,,,,,,,,,,,,
"4000 GOLDENROD, LLC",1.00,Lapsed,09/21/1998,09/21/2003,02/23/2026,980000209679,0,1,FAIR OAK LLC,"1000 WINDWARD CONCOURSE STE 400, ALPHARETTA, GA, 30005",,,,,,,,,1,4000 GOLDENROD LLC,"255 S COUNTY RD, PALM BCH, FL, 33480",UCC1,14
"400 ASSOCIATION, INC.",1.00,Lapsed,07/16/2002,07/16/2007,02/23/2026,20020166396X,1,1,SOUTHTRUST BANK,"1700 PALM BEACH LAKES BLVD, 6TH FLOOR, WEST PALM BEACH, FL, 33401",,,,,,,,,1,"400 ASSOCIATION, INC.","400 SOUTH OCEAN BOULEVARD, PALM BEACH, FL, 33480",UCC1,1
"400 ASSOCIATION, INC.",1.00,Filed,08/19/2019,08/19/2029,02/23/2026,20190944439X,5,1,"TRUIST BANK, FORMERLY KNOWN AS BRANCH BANKING AND TRUST COMPANY","P.O. BOX 1626, WILSON, NC, 278949961",,,,,,,,,1,"400 ASSOCIATION, INC.","400 SOUTH OCEAN BLVD., PALM BEACH, FL, 33480",UCC1,1
"4010, LLC",0.64,Lapsed,10/10/2006,10/10/2021,02/23/2026,200603859168,4,1,"GENWORTH LIFE AND ANNUITY INSURANCE COMPANY, A VIRGINIA CORPORATION","900 WEST TRADE STREET, SUITE 650, CHARLOTTE, NC, 28255",,,,,,,,,1,4010 GUNN HWY LLC,"965 SOUTH BAYSHORE BOULEVARD, SAFETY HARBOR, FL, 34695",UCC1,3
401 INVESTMENTS LLC,1.00,Lapsed,02/06/2008,02/06/2013,02/23/2026,200807582687,1,1,FLORIDA TELCO A COMMUNITY CREDIT UNION,"PO BOX 16688, JACKSONVILLE, FL, 32245-6688",,,,,,,,,1,401 INVESTMENTS LLC,"5570 FLORIDA MINING BLVD S #106, JACKSONVILLE, FL, 32257",UCC1,3
401 INVESTMENTS LLC,1.00,Lapsed,03/26/2009,03/26/2014,02/23/2026,200900241568,1,1,FLORIDA TELCO CREDIT UNION,"P.O. BOX 16688, JACKSONVILLE, FL, 32245-6688",,,,,,,,,1,401 INVESTMENTS LLC,"5570 FLORIDA MINING BLVD, #106, JACKSONVILLE, FL, 32257",UCC1,3
414 8TH STREET LLC,0.00,No close match,,,,,,,,,,,,,,,,,,,,,
425 9TH STREET LLC,0.77,Lapsed,02/04/2016,02/04/2021,02/23/2026,201606434754,1,1,REGIONS BANK,"P.O. BOX 12926, BIRMINGHAM, AL, 35202",,,,,,,,,1,"425 GARDEN STREET, LLC","425 GARDEN STREET, TITUSVILLE, FL, 32796",UCC1,2
"4361 NORTHLAKE, LLC",1.00,Lapsed,08/29/2016,08/29/2021,02/23/2026,201608602905,0,1,"THE HAYES NORTHLAKE BUILDING, INC.","8733 MARLAMOOR LANE, WEST PALM BEACH, FL, 33412",,,,,,,,,1,"4361 NORTHLAKE, LLC","258 SEMINOLE AVENUE, UNIT 1, PALM BEACH, FL, 33480",UCC1,3
"4361 NORTHLAKE, LLC",1.00,Filed,09/26/2018,09/26/2028,02/23/2026,201806631340,3,1,VALLEY NATIONAL BANK,"70 SPEEDWELL AVENUE, MORRISTOWN , NJ, 07960",,,,,,,,,1,"4361 NORTHLAKE, LLC","258 SEMINOLE AVENUE, UNIT 1, PALM BEACH, FL, 33480",UCC1,5
445 BRAZILIAN LLC,0.00,No results,,,,,,,,,,,,,,,,,,,,,
455 AUSTRALIAN AVENUE CORP.,1.00,Filed,04/12/2019,04/12/2029,02/23/2026,201908373979,2,1,"TRUIST BANK, FORMERLY KNOWN AS BRANCH BANKING AND TRUST COMPANY","P.O. BOX 1626, WILSON, NC, 278949961",,,,,,,,,1,455 AUSTRALIAN AVENUE CORP.,"455 AUSTRALIAN AVE, PALM BEACH, FL, 33480",UCC1,2
455 AUSTRALIAN AVENUE CORP.,1.00,Filed,05/27/2025,05/27/2030,02/23/2026,202501547983,0,1,TRUIST BANK,"P O BOX 1626, WILSON, NC, 278949961",,,,,,,,,1,455 AUSTRALIAN AVENUE CORP.,"455 AUSTRALIAN AVENUE, PALM BEACH, FL, 33480",UCC1,1
THE 455 WORTH AVENUE CORP.,1.00,Filed,04/29/2022,04/29/2027,02/23/2026,202201385432,0,1,TRUIST BANK,"245 PEACHTREE CENTER AVE., 17TH FLOOR, ATLANTA, GA, 30303",,,,,,,,,1,THE 455 WORTH AVENUE CORP.,"455 WORTH AVE, PAML BEACH, AL, 334806517",UCC1,1
456 SOUTH OCEAN LLC,1.00,Lapsed,04/09/2018,04/09/2023,02/23/2026,201804778999,0,1,FIRST REPUBLIC BANK,"111 PINE STREET, SAN FRANCISCO, CA, 94111",,,,,,,,,1,456 SOUTH OCEAN LLC,"439 WORTH AVENUE, PALM BEACH, FL, 33480",UCC1,3
445 BRAZILIAN LLC,1.00,Lapsed,11/17/2005,11/17/2010,02/23/2026,200501187683,1,1,SOFISA BANK OF FLORIDA,"14095 SOUTH DIXIE HIGHWAY, MIAMI, FL, 33176",,,,,,,,,1,445 BRAZILIAN LLC,"445 BRAZILIAN AVENUE, PALM BEACH, FL, 33480",UCC1,3
445 BRAZILIAN LLC,1.00,Lapsed,11/17/2005,11/17/2010,02/23/2026,200501187691,0,1,SOFISA BANK OF FLORIDA,"14095 SOUTH DIXIE HIGHWAY, MIAMI, FL, 33176",,,,,,,,,1,445 BRAZILIAN LLC,"445 BRAZILIAN AVENUE, PALM BEACH, FL, 33480",UCC1,4
455 AUSTRALIAN AVENUE CORP.,1.00,Filed,04/12/2019,04/12/2029,02/23/2026,201908373979,2,1,"TRUIST BANK, FORMERLY KNOWN AS BRANCH BANKING AND TRUST COMPANY","P.O. BOX 1626, WILSON, NC, 278949961",,,,,,,,,1,455 AUSTRALIAN AVENUE CORP.,"455 AUSTRALIAN AVE, PALM BEACH, FL, 33480",UCC1,2
455 AUSTRALIAN AVENUE CORP.,1.00,Filed,05/27/2025,05/27/2030,02/23/2026,202501547983,0,1,TRUIST BANK,"P O BOX 1626, WILSON, NC, 278949961",,,,,,,,,1,455 AUSTRALIAN AVENUE CORP.,"455 AUSTRALIAN AVENUE, PALM BEACH, FL, 33480",UCC1,1
THE 455 WORTH AVENUE CORP.,1.00,Filed,04/29/2022,04/29/2027,02/23/2026,202201385432,0,1,TRUIST BANK,"245 PEACHTREE CENTER AVE., 17TH FLOOR, ATLANTA, GA, 30303",,,,,,,,,1,THE 455 WORTH AVENUE CORP.,"455 WORTH AVE, PAML BEACH, AL, 334806517",UCC1,1
456 SOUTH OCEAN LLC,1.00,Lapsed,04/09/2018,04/09/2023,02/23/2026,201804778999,0,1,FIRST REPUBLIC BANK,"111 PINE STREET, SAN FRANCISCO, CA, 94111",,,,,,,,,1,456 SOUTH OCEAN LLC,"439 WORTH AVENUE, PALM BEACH, FL, 33480",UCC1,3
470 S. CONGRESS LLC,1.00,Lapsed,07/10/2020,07/10/2025,02/23/2026,202003290018,2,1,FIRST CHATHAM BANK,"PO BOX 11167, SAVANNAH, GA, 31412",,,,,,,,,2,"PARK LIMOUSINE, INC.","470 S. CONGRESS AVENUE, WEST PALM BEACH, FL, 33406",UCC1,1
485 FRONT LLC,1.00,Lapsed,02/01/2011,02/01/2021,02/23/2026,201103986102,1,1,"MERCANTIL COMMERCEBANK, N.A.","220 ALHAMBRA CIRCLE, 2ND FLOOR, CORAL GABELS, FL, 33134",,,,,,,,,2,485 FRONT LLC,"6 NIMROD FARM ROAD, WESTON, CT, 06883",UCC1,4
485 FRONT LLC,1.00,Lapsed,05/24/2019,05/24/2024,02/23/2026,201908712315,1,1,SEACOAST NATIONAL BANK,"815 COLORADO AVENUE, STUART, FL, 34994",,,,,,,,,2,485 FRONT LLC,"8 NIMROD FARM ROAD, WESTON, CT, 06883",UCC1,3
494 ELDEN STREET LLC,1.00,Lapsed,09/27/2013,09/27/2023,02/23/2026,201309915162,2,1,CARDINAL BANK,"8270 GREENSBORO DRIVE, SUITE 500, MCLEAN, VA, 22102",,,,,,,,,1,494 ELDEN STREET LLC,"C/O BELMONT ASSOCIATES, 3450 NORTHLAKE BLVD., PALM BEACH GARDENS, FL, 33403",UCC1,3
508 OSCEOLA FINANCIAL LLC,1.00,Lapsed,05/11/2009,05/11/2014,02/23/2026,200900509811,0,1,"BISCAYNE BANK, A FLORIDA STATE CHARTERED COMMERCIAL BANK","3121 COMMODORE PLAZA, THIRD FLOOR, COCNUT GROVE, FL, 33133",,,,,,,,,1,508 OSCEOLA FINANCIAL LLC,"508 E. OSCEOLA STREET, STUART, FL, 34994",UCC1,3
"5109E NORTH OCEAN BLVD. ASSOCIATES, LLC",0.00,No close match,,,,,,,,,,,,,,,,,,,,,
513 45TH STREET LLC,0.00,No results,,,,,,,,,,,,,,,,,,,,,
529 S FLAGLER TH LLC,1.00,Filed,01/05/2024,01/05/2029,02/23/2026,202400047330,0,1,FLAGLER DRIVE SERVICING LLC,"C/O GOODMAN CAPITAL LLC, 330 GREAT NECK ROAD, GREAT NECK, NY, 11021",,,,,,,,,2,529 S FLAGLER TH LLC,"529 S FLAGLER DRIVE, #TH3E, WEST PALM BEACH, FL, 33401",UCC1,5
529 S FLAGLER TH LLC,1.00,Filed,01/05/2024,01/05/2029,02/23/2026,202400047349,0,1,FLAGLER DRIVE SERVICING LLC,"C/O GOODMAN CAPITAL LLC, 330 GREAT NECK ROAD, GREAT NECK, NY, 11021",,,,,,,,,2,529 S FLAGLER TH LLC,"529 S FLAGLER DRIVE, #TH3E, WEST PALM BEACH, FL, 33041",UCC1,5
52ND STREET APARTMENTS CORP.,0.00,No results,,,,,,,,,,,,,,,,,,,,,
529 S FLAGLER TH LLC,1.00,Filed,01/05/2024,01/05/2029,02/23/2026,202400047330,0,1,FLAGLER DRIVE SERVICING LLC,"C/O GOODMAN CAPITAL LLC, 330 GREAT NECK ROAD, GREAT NECK, NY, 11021",,,,,,,,,2,529 S FLAGLER TH LLC,"529 S FLAGLER DRIVE, #TH3E, WEST PALM BEACH, FL, 33401",UCC1,5
529 S FLAGLER TH LLC,1.00,Filed,01/05/2024,01/05/2029,02/23/2026,202400047349,0,1,FLAGLER DRIVE SERVICING LLC,"C/O GOODMAN CAPITAL LLC, 330 GREAT NECK ROAD, GREAT NECK, NY, 11021",,,,,,,,,2,529 S FLAGLER TH LLC,"529 S FLAGLER DRIVE, #TH3E, WEST PALM BEACH, FL, 33041",UCC1,5
52ND STREET APARTMENTS CORP.,1.00,Lapsed,08/16/1993,08/16/1998,02/23/2026,930000171281,1,1,CONSOLIDATED BANK NA,"900 W 49TH ST, HIALEAH, FL, 33012",,,,,,,,,1,52ND STREET APARTMENTS CORP,"1485 VIA MANANA, PALM BEACH, FL, 33480",UCC1,4
561 BEACH LLC,0.81,Filed,05/16/2022,05/16/2027,02/23/2026,202201590948,0,1,"FLORIDA CAPITAL BANK, N.A.","10151 DEERWOOD PARK BLVD., BUILDING 100, SUITE 200, JACKSONVILLE, FL, 32256",,,,,,,,,1,561 BRENDA LLC,"1766 BEACH AVE, ATLANTIC BEACH, FL, 32233",UCC1,6
5 TIME ZONES LLC,1.00,Filed,12/12/2023,12/12/2028,02/23/2026,202303359234,0,1,MERCHANT FACTORS CORP.,"1441 BROADWAY, 22ND FLOOR, NEW YORK, NY, 10018",,,,,,,,,1,5 TIME ZONES LLC,"277 ROYAL PONCIANA WAY, PALM BEACH, FL, 33480",UCC1,3
"625 FLAGLER ACQUISITION, LLC",1.00,Lapsed,03/09/2017,03/09/2022,02/23/2026,201700535135,1,1,"PCCP CREDIT VI REIT-SUB HOLDCO, LLC","C/O PCCP LLC, 10100 SANTA MONICA BLVD., SUITE 1000, LOS ANGELES, CA, 90067",,,,,,,,,1,"625 FLAGLER ACQUISITION, LLC","625 N. FLAGLER DRIVE, SUITE 501, WEST PALM BEACH , FL, 33401",UCC1,1
"625 FLAGLER ACQUISITION, LLC",1.00,Lapsed,03/09/2017,03/09/2022,02/23/2026,201700537219,3,1,"PCCP CREDIT VI REIT-SUB HOLDCO SELLER, LLC","C/O PCCP, LLC, 10100 SANTA MONICA BLVD.,, SUITE 1000, LOS ANGELES, CA, 90067",,,,,,,,,1,"625 FLAGLER ACQUISITION, LLC","625 N FLAGLER DRIVE, SUITE 501, WEST PALM BEACH, FL, 33401",UCC1,1
"627 SE 4TH AVENUE, LLC",1.00,Lapsed,10/21/2020,10/21/2025,02/23/2026,202005109795,0,1,"KENNETH E. FABRY MARITAL DEDUCTION TRUST A DATED APRIL 30, 2004","3149 HWY H, LAC DU FLAMBEAU, WI, 54538",,,,,,,,,1,"627 SE 4TH AVENUE, LLC","PO BOX 7415, FORT LAUDERDALE, FL, 33338",UCC1,2
"7410, LLC",0.00,No close match,,,,,,,,,,,,,,,,,,,,,
742 SLOPE TRAIL LLC,1.00,Lapsed,03/14/2017,03/14/2022,02/23/2026,201700575900,1,1,PALM BEACH COMMUNITY BANK,"8101 OKEECHOBEE BOULEVARD, WEST PALM BEACH, FL, 33411",,,,,,,,,1,742 SLOPE TRAIL LLC,"742 SLOPE TRAIL, PALM BEACH, FL, 33480",UCC1,2
742 SLOPE TRAIL LLC,1.00,Lapsed,12/07/2004,12/07/2009,02/23/2026,200408465717,0,1,LYDIAN PRIVATE BANK,"180 ROYAL PALM WAY, PALM BEACH, FL, 33480",,,,,,,,,1,"742 SLOPE TRAIL, LLC","515 N. FLAGLER DRIVE, 17TH FLOOR, WEST PALM BEACH, FL, 33401",UCC1,3
"7700, LLC",0.00,No close match,,,,,,,,,,,,,,,,,,,,,
7 OCEAN LANE LLC,1.00,Lapsed,12/23/2020,12/23/2025,02/23/2026,202005697565,0,1,"KHRE SMA FUNDING, LLC","777 WEST PUTNAM AVENUE, SUITE 1-3, GREENWICH, CT, 06830",,,,,,,,,1,7 OCEAN LANE LLC,"222 LAKEVIEW AVENUE, SUITE 1500, WEST PALM BEACH, FL, 33401",UCC1,1
888 SOUTH OCEAN L.C.,0.97,Lapsed,07/17/1998,07/17/2003,02/23/2026,980000159191,1,1,PALM BEACH NATIONAL BANK & TRUST COMPANY,"125 WORTH AVENUE, SUITE 100, PALM BEACH, FL, 33480",,,,,,,,,1,888 SOUTH OCEAN L C,"3901 EUCLID, DALLAS, TX, 75205",UCC1,3
"89 BERGEN STREET, LLC",1.00,Filed,10/03/2017,10/03/2027,02/23/2026,201702817561,1,1,INVESTORS BANK,"ATTN: LOAN SERVICING, 101 JFK PARKWAY, SHORT HILLS , NJ, 07078",,,,,,,,,3,"102 BERGEN STREET, LLC","2000 SOUTH OCEAN BLVD., APT. 307S , PALM BEACH , FL, 33480",UCC1,10
"8 GOLFVIEW, LLC",1.00,Lapsed,07/29/2015,07/29/2020,02/23/2026,201504543503,0,1,"SABADELL UNITED BANK, N.A.","1111 BRICKELL AVENUE, 30TH FLOOR, MIAMI, FL, 33131-3128",,,,,,,,,1,"8 GOLFVIEW, LLC","342 GARDEN ROAD, PALM BEACH, FL, 33480",UCC1,2
"910 SOB, LLC",0.00,No results,,,,,,,,,,,,,,,,,,,,,
"980 SOUTH OCEAN (EMMA), LLC",1.00,Filed,06/28/2021,06/28/2026,02/23/2026,202107554948,0,1,THE NORTHERN TRUST COMPANY,"250 ROYAL PALM WAY, PALM BEACH, FL, 33480",,,,,,,,,3,"980 SOUTH OCEAN (EMMA), LLC","147 DUNBAR ROAD, PALM BEACH, FL, 33480",UCC1,6
"980 SOUTH OCEAN (EMMA), LLC",0.89,Filed,06/28/2021,06/28/2026,02/23/2026,202107554948,0,1,THE NORTHERN TRUST COMPANY,"250 ROYAL PALM WAY, PALM BEACH, FL, 33480",,,,,,,,,3,"980 SOUTH OCEAN (EMMA), LLC","147 DUNBAR ROAD, PALM BEACH, FL, 33480",UCC1,6
"980 SOUTH OCEAN (IAN), LLC",1.00,Filed,06/28/2021,06/28/2026,02/23/2026,202107554948,0,1,THE NORTHERN TRUST COMPANY,"250 ROYAL PALM WAY, PALM BEACH, FL, 33480",,,,,,,,,3,"980 SOUTH OCEAN (EMMA), LLC","147 DUNBAR ROAD, PALM BEACH, FL, 33480",UCC1,6
"980 SOUTH OCEAN (IAN), LLC",0.94,Filed,06/28/2021,06/28/2026,02/23/2026,202107554948,0,1,THE NORTHERN TRUST COMPANY,"250 ROYAL PALM WAY, PALM BEACH, FL, 33480",,,,,,,,,3,"980 SOUTH OCEAN (EMMA), LLC","147 DUNBAR ROAD, PALM BEACH, FL, 33480",UCC1,6
"980 SOUTH OCEAN (JANE), LLC",1.00,Filed,06/28/2021,06/28/2026,02/23/2026,202107554948,0,1,THE NORTHERN TRUST COMPANY,"250 ROYAL PALM WAY, PALM BEACH, FL, 33480",,,,,,,,,3,"980 SOUTH OCEAN (EMMA), LLC","147 DUNBAR ROAD, PALM BEACH, FL, 33480",UCC1,6
AAN HOLDINGS LLC,0.00,No close match,,,,,,,,,,,,,,,,,,,,,
"ACCF, INC.",1.00,Lapsed,06/19/2002,06/19/2007,02/23/2026,200201439830,0,1,"441 AUTO BODY, INC.","12476 S.W. 1ST STREET, CORAL SPRINGS, FL, 33071",,,,,,,,,2,"ACCF, INC.","12150 WILES ROAD, CORAL SPRINGS, FL, 33076",UCC1,5
"ACCF, INC.",0.88,Lapsed,08/24/2016,08/24/2021,02/23/2026,20160856664X,0,1,"DE LAGE LANDEN FINANCIAL SERVICES, INC.","1111 OLD EAGLE SCHOOL ROAD, WAYNE, PA, 19087",,,,,,,,,1,ACCG INC,"1982 STATE RD 44, SUITE 171, NEW SYMRNA BEACH, FL, 32168",UCC1,1
"ACCF, INC.",0.00,No results,,,,,,,,,,,,,,,,,,,,,
ACL CORP.,0.00,No close match,,,,,,,,,,,,,,,,,,,,,
ACQUA PB LLC,1.00,Filed,04/01/2019,04/01/2029,02/23/2026,201908262069,2,1,"BANK OF AMERICA, N.A.","ONE INDEPENDENCCE CENTER - NC1-001-05-13,, 101 N TRYON ST, CHARLOTTE, NC, 28255-0001",,,,,,,,,1,ACQUA PB LLC,"2875 SOUTH OCEAN BOULEVARD, STE 103, PALM BEACH, FL, 33480",UCC1,1
ACQUA PB LLC,1.00,Filed,06/27/2020,06/27/2030,02/23/2026,202002507811,1,1,U.S. SMALL BUSINESS ADMINISTRATION,"2 NORTH STREET, SUITE 320, BIRMINGHAM, AL, 35203",,,,,,,,,1,"ACQUA PB, LLC","2875 SOUTH OCEAN BOULEVARD #103, PALM BEACH, FL, 33480",UCC1,1
"THE AD AGENCY, INC.",0.87,Lapsed,01/25/2019,01/25/2024,02/23/2026,201907549461,1,1,"FC MARKETPLACE, LLC","747 FRONT ST., FLOOR 4, SAN FRANCISCO, CA, 94111",,,,,,,,,1,THE AD EDGE AGENCY INC,"13860 WELLINGTON TR #38-197, WEST PALM BEACH, FL, 33414",UCC1,1
"THE AD AGENCY, INC.",0.87,Filed,01/17/2023,01/17/2028,02/23/2026,202300146054,0,1,"FIRST CORPORATE SOLUTIONS, AS REPRESENTATIVE","914 S STREET / SPRS@FICOSO.COM, SACRAMENTO, CA, 95811",,,,,,,,,1,THE AD EDGE AGENCY INC,"13860 WELLINGTON TRCE # 38, WEST PALM BEACH, FL, 33414",UCC1,2
"ADELINE LUCAS FOUNDATION, INC.",1.00,Lapsed,05/27/2020,05/27/2025,02/23/2026,20200175579X,0,1,U.S. SMALL BUSINESS ADMINISTRATION,"2 NORTH STREET, SUITE 320, BIRMINGHAM, AL, 35203",,,,,,,,,1,ADELINE LUCAS FOUNDATION INC,"340 ROYAL POINCIANA WAY # 317-169, PALM BEACH, FL, 33480",UCC1,1
"ADELINE LUCAS FOUNDATION, INC.",1.00,Filed,11/25/2025,11/25/2030,02/23/2026,202504446347,0,1,U.S. SMALL BUSINESS ADMINISTRATION,"PO BOX 156059, FORT WORTH, TX, 76155",,,,,,,,,1,ADELINE LUCAS FOUNDATION INC,"340 ROYAL POINCIANA WAY # 317169, PALM BEACH, FL, 33480",UCC1,1
"ADELSON GALLERIES, LLC",1.00,Filed,11/26/2021,11/26/2026,02/23/2026,202109269220,0,1,"JPMORGAN CHASE BANK, NA","COLLATERAL MGMT SMALL BUSINESS, P.O. BOX 33035, LOUISVILLE, KY, 402329891",,,,,,,,,1,"ADELSON GALLERIES, LLC","318 WORTH AVE, PALM BEACH, FL, 33480",UCC1,1
"ADELSON GALLERIES, LLC",1.00,Filed,12/02/2022,12/02/2027,02/23/2026,20220379966X,0,1,"JPMORGAN CHASE BANK, NA","P.O. BOX 6026, IL1-1145, CHICAGO, IL, 606806026",,,,,,,,,1,"ADELSON GALLERIES, LLC","318 WORTH AVE, PALM BEACH, FL, 33480",UCC1,1
"A FINANCIAL, LLC",0.83,Lapsed,03/23/2015,03/23/2020,02/23/2026,201503307733,1,1,PALM BEACH COMMUNITY BANK,"8101 OKEECHOBEE BLVD., WEST PALM BEACH, FL, 33411",,,,,,,,,1,"A FINANCIAL GROUP, LLC","551 CYPRESS GREEN CIRCLE, WELLINGTON, FL, 33414",UCC1,3
"AGAPE, LLC",1.00,Lapsed,10/23/2015,10/23/2020,02/23/2026,201505537183,1,1,US CAPITAL PARTNERS INC.,"555 MONTGOMERY STREET, SUITE 1501, SAN FRANCISCO, CA, 94111",,,,,,,,,1,"AGAPE, LLC","925 W. BROWARD BLVD., FORT LAUDERDALE, FL, 33312",UCC1,4
"AGAPE, LLC",0.78,Filed,04/11/2023,04/11/2028,02/23/2026,202300967903,0,1,"NOWACCOUNT NETWORK CORPORATION, AS SERVICER","6120 POWERS FERRY RD NW, SUITE 350, ATLANTA, GA, 30339",,,,,,,,,1,AGAPEKAREZ LLC,"100 E PINE ST STE 110, ORLANDO, FL, 32801",UCC1,3
"AIRDHD, LLC",1.00,Lapsed,08/26/2019,08/26/2024,02/23/2026,20190949849X,1,1,REPUBLIC BANK & TRUST COMPANY,"601 W. MARKET ST., LOUISVILLE, KY, 40202",,,,,,,,,2,"AIRDHD, LLC","310 FLAMINGO DRIVE, WEST PALM BEACH, FL, 33401",UCC1,1
AIR NINE TWO LLC,1.00,Filed,05/23/2022,05/23/2027,02/23/2026,202201700921,7,1,FIRST HORIZON BANK,"2000 INTERNATIONAL PARK DRIVE, 5TH FLOOR, BIRMINGHAM, AL, 35243",,,,,,,,,2,AIR NINE TWO LLC,"3550 SOUTH OCEAN BOULEVARD , SOUTH PALM BEACH, FL, 33480",UCC1,2
"AIR ONE INTERNATIONAL, INC.",0.00,No results,,,,,,,,,,,,,,,,,,,,,
"AJAX EQUITY, LLC",1.00,Lapsed,01/07/2005,01/07/2015,02/23/2026,200508700211,2,1,"WACHOVIA BANK, N.A.","3601 PGA BOULEVARD, SUITE 200, PALM BEACH GARDENS, FL, 33410",,,,,,,,,1,"AJAX EQUITY, LLC","226 OLEANDER AVENUE, APT. 1, PALM BEACH, FL, 33480",UCC1,4
"AJAX EQUITY, LLC",0.00,No results,,,,,,,,,,,,,,,,,,,,,
"AJAX EQUITY, LLC",1.00,Lapsed,01/07/2005,01/07/2015,02/23/2026,200508700211,2,1,"WACHOVIA BANK, N.A.","3601 PGA BOULEVARD, SUITE 200, PALM BEACH GARDENS, FL, 33410",,,,,,,,,1,"AJAX EQUITY, LLC","226 OLEANDER AVENUE, APT. 1, PALM BEACH, FL, 33480",UCC1,4
"AJAX EQUITY, LLC",1.00,Lapsed,01/07/2005,01/07/2015,02/23/2026,200508700211,2,1,"WACHOVIA BANK, N.A.","3601 PGA BOULEVARD, SUITE 200, PALM BEACH GARDENS, FL, 33410",,,,,,,,,1,"AJAX EQUITY, LLC","226 OLEANDER AVENUE, APT. 1, PALM BEACH, FL, 33480",UCC1,4
"ALATA PALM BEACH, INC.",1.00,Lapsed,04/27/2007,04/27/2012,02/23/2026,200705402221,0,1,FIRST FUNDS,"240 W. 35TH ST, NEW YORK, NY, 10001",,,,,,,,,1,"ALATA PALM BEACH, INC.","340 ROYAL POINCIANA PLAZA, PALM BEACH, FL, 33480",UCC1,1
ALBERELLO LLC,0.76,Lapsed,10/11/2013,10/11/2018,02/23/2026,201300024737,0,1,REGIONS BANK,"COLLATERAL MANAGEMENT PO BOX 12926, BIRMINGHAM, AL, 35202",,,,,,,,,1,"ALBERELLO IMPORTS, LLC","7006 STAPOINT CT STE F, WINTER PARK, FL, 32792",UCC1,1
ALBERELLO LLC,0.76,Filed,10/03/2016,10/03/2026,02/23/2026,201609028919,2,1,REGIONS BANK,"COLLATERAL MANAGEMENT PO BOX 12926, BIRMINGHAM, AL, 35202",,,,,,,,,1,"ALBERELLO IMPORTS, LLC","7006 STAPOINT CT STE F, WINTER PARK, FL, 32792",UCC1,1
"ALEX ART ET DECOR, INC.",1.00,Lapsed,11/17/1997,11/17/2007,02/23/2026,970000259689,1,1,BANKATLANTIC,"COM'L LN OP'S, 1750 E SUNRISE BLVD, FT LAUDERDALE, FL, 33304",,,,,,,,,1,ALEX ART ET DECOR INC,"298 S COUNTY RD, PALM BEACH, FL, 33480",UCC1,2
"ALEXIS CHARTERS, INC.",1.00,Lapsed,01/03/1994,01/03/1999,02/23/2026,940000001973,0,1,GENERAL ELECTRIC CAPITAL CORPORATION,"801 SEABREEZE BLVD BAHIA MAR, FT LAUDERDALE, FL, 33316",,,,,,,,,2,ALEXIS CHARTERS INC,"78 BOONTON AVE, MONTVILLE, NJ, 07045",UCC1,1
"ALL BRAND VACUUMS, INC.",0.00,No results,,,,,,,,,,,,,,,,,,,,,
ALLERGIMED INC.,1.00,Lapsed,12/30/2014,12/30/2019,02/23/2026,201402831763,0,1,"AMERICAN EXPRESS BANK, FSB","4315 SOUTH 2700 WEST, SALT LAKE CITY, UT, 84184",,,,,,,,,1,ALLERGIMED INC.,"8645 N MILITARY TRL STE 405, WEST PALM BCH, FL, 33418",UCC1,1
"ALLIANCE PARTNERS, LLC",0.90,Lapsed,01/23/1996,01/23/2001,02/23/2026,960000015711,1,1,SUNBANK/MIAMI NATIONAL ASSOCIATION,"ONE S E THIRD AVE LOBBY FL, MIAMI, FL, 33131",,,,,,,,,1,ALLIANCE PARTNERS INC,"333 NORTH RIVER DRIVE EAST SUITE 1200, FT LAUDERDALE, FL, 33301",UCC1,2
"ALLIANCE PARTNERS, LLC",0.90,Lapsed,01/23/1996,01/23/2001,02/23/2026,960000015711,1,1,SUNBANK/MIAMI NATIONAL ASSOCIATION,"ONE S E THIRD AVE LOBBY FL, MIAMI, FL, 33131",,,,,,,,,1,ALLIANCE PARTNERS INC,"333 NORTH RIVER DRIVE EAST SUITE 1200, FT LAUDERDALE, FL, 33301",UCC1,2
"ALLIANT HOLDINGS OF DALTON FLATS, LLC",1.00,Lapsed,07/27/2012,07/27/2017,02/23/2026,20120722716X,1,1,"DOMINIUM MANAGEMENT SERVICES, LLC","2905 NORTHWEST BOULEVARD SUITE 150, PLYMOUTH, MN, 55441",,,,,,,,,1,"ALLIANT HOLDINGS OF DALTON FLATS, LLC","340 ROYAL POINCIANA WAY, SUITE 305, PALM BEACH, FL, 33480",UCC1,2
"ALLIANT HOLDINGS OF DALTON FLATS, LLC",0.78,Lapsed,05/30/2012,05/30/2017,02/23/2026,201206838211,3,1,TCF NATIONAL BANK,"11100 WAYZATA BOULEVARD, SUITE 600, MINNETONKA, MN, 55305",,,,,,,,,1,"ALLIANT HOLDINGS OF FLORIDA, LLC","340 ROYAL POINCIANA WAY, STE. 305, PALM BEACH, FL, 33480",UCC1,2
"ALLIANT HOLDINGS OF PRESTON TRACE, LLC",1.00,Lapsed,07/27/2012,07/27/2017,02/23/2026,201207227178,1,1,"DOMINIUM MANAGEMENT SERVICES, LLC","2905 NORTHWEST BOULEVARD SUITE 150, PLYMOUTH, MN, 55441",,,,,,,,,1,"ALLIANT HOLDINGS OF PRESTON TRACE, LLC","340 ROYAL POINCIANA WAY, SUITE 305, PALM BEACH, FL, 33480",UCC1,2
"ALLIANT HOLDINGS OF PRESTON TRACE, LLC",0.75,Lapsed,05/30/2012,05/30/2017,02/23/2026,201206838262,3,1,TCF NATIONAL BANK,"11100 WAYZATA BOULEVARD, SUITE 600, MINNETONKA, MN, 55305",,,,,,,,,1,"ALLIANT HOLDINGS OF PUNTA GORDA, LLC","340 ROYAL POINCIANA WAY, SUITE 305, PALM BEACH, FL, 33480",UCC1,2
"ALLIANT HOLDINGS OF PUNTA GORDA, LLC",1.00,Lapsed,05/30/2012,05/30/2017,02/23/2026,201206838262,3,1,TCF NATIONAL BANK,"11100 WAYZATA BOULEVARD, SUITE 600, MINNETONKA, MN, 55305",,,,,,,,,1,"ALLIANT HOLDINGS OF PUNTA GORDA, LLC","340 ROYAL POINCIANA WAY, SUITE 305, PALM BEACH, FL, 33480",UCC1,2
"ALLIANT HOLDINGS OF PUNTA GORDA, LLC",0.78,Lapsed,05/30/2012,05/30/2017,02/23/2026,201206838246,3,1,TCF NATIONAL BANK,"11100 WAYZATA BOULEVARD SUITE 600, MINNETONKA, MN, 55305",,,,,,,,,1,"ALLIANT HOLDINGS OF REDLANDS, LLC","340 ROYAL POINCIANA WAY, SUITE 305, PALM BEACH, FL, 33480",UCC1,2
"ALLIANT HOLDINGS OF REDLANDS, LLC",1.00,Lapsed,05/30/2012,05/30/2017,02/23/2026,201206838246,3,1,TCF NATIONAL BANK,"11100 WAYZATA BOULEVARD SUITE 600, MINNETONKA, MN, 55305",,,,,,,,,1,"ALLIANT HOLDINGS OF REDLANDS, LLC","340 ROYAL POINCIANA WAY, SUITE 305, PALM BEACH, FL, 33480",UCC1,2
"ALLIANT HOLDINGS OF REDLANDS, LLC",0.86,Lapsed,05/30/2012,05/30/2017,02/23/2026,201206838254,3,1,TCF NATIONAL BANK,"11100 WAYZATA BOULEVARD SUITE 600, MINNETONKA, MN, 55305",,,,,,,,,1,"ALLIANT HOLDINGS OF REGENCY, LLC","340 ROYAL POINCIANA WAY, SUITE 305, PALM BEACH, FL, 33480",UCC1,2
"ALLIANT HOLDINGS OF REGENCY, LLC",1.00,Lapsed,05/30/2012,05/30/2017,02/23/2026,201206838254,3,1,TCF NATIONAL BANK,"11100 WAYZATA BOULEVARD SUITE 600, MINNETONKA, MN, 55305",,,,,,,,,1,"ALLIANT HOLDINGS OF REGENCY, LLC","340 ROYAL POINCIANA WAY, SUITE 305, PALM BEACH, FL, 33480",UCC1,2
"ALLIANT HOLDINGS OF REGENCY, LLC",0.84,Lapsed,05/30/2012,05/30/2017,02/23/2026,20120683822X,3,1,TCF NATIONAL BANK,"11100 WAYZATA BOULEVARD SUITE 600, MINNETONKA, MN, 55305",,,,,,,,,1,"ALLIANT HOLDINGS OF TIGER BAY, LLC","340 ROYAL POINCIANA WAY, SUITE 305, PALM BEACH, FL, 33480",UCC1,2
"ALLIANT HOLDINGS OF PRESTON TRACE, LLC",1.00,Lapsed,07/27/2012,07/27/2017,02/23/2026,201207227178,1,1,"DOMINIUM MANAGEMENT SERVICES, LLC","2905 NORTHWEST BOULEVARD SUITE 150, PLYMOUTH, MN, 55441",,,,,,,,,1,"ALLIANT HOLDINGS OF PRESTON TRACE, LLC","340 ROYAL POINCIANA WAY, SUITE 305, PALM BEACH, FL, 33480",UCC1,2
"ALLIANT HOLDINGS OF PRESTON TRACE, LLC",0.75,Lapsed,05/30/2012,05/30/2017,02/23/2026,201206838262,3,1,TCF NATIONAL BANK,"11100 WAYZATA BOULEVARD, SUITE 600, MINNETONKA, MN, 55305",,,,,,,,,1,"ALLIANT HOLDINGS OF PUNTA GORDA, LLC","340 ROYAL POINCIANA WAY, SUITE 305, PALM BEACH, FL, 33480",UCC1,2
"ALLIANT HOLDINGS OF PUNTA GORDA, LLC",1.00,Lapsed,05/30/2012,05/30/2017,02/23/2026,201206838262,3,1,TCF NATIONAL BANK,"11100 WAYZATA BOULEVARD, SUITE 600, MINNETONKA, MN, 55305",,,,,,,,,1,"ALLIANT HOLDINGS OF PUNTA GORDA, LLC","340 ROYAL POINCIANA WAY, SUITE 305, PALM BEACH, FL, 33480",UCC1,2
"ALLIANT HOLDINGS OF PUNTA GORDA, LLC",0.78,Lapsed,05/30/2012,05/30/2017,02/23/2026,201206838246,3,1,TCF NATIONAL BANK,"11100 WAYZATA BOULEVARD SUITE 600, MINNETONKA, MN, 55305",,,,,,,,,1,"ALLIANT HOLDINGS OF REDLANDS, LLC","340 ROYAL POINCIANA WAY, SUITE 305, PALM BEACH, FL, 33480",UCC1,2
"ALLIANT HOLDINGS OF REDLANDS, LLC",1.00,Lapsed,05/30/2012,05/30/2017,02/23/2026,201206838246,3,1,TCF NATIONAL BANK,"11100 WAYZATA BOULEVARD SUITE 600, MINNETONKA, MN, 55305",,,,,,,,,1,"ALLIANT HOLDINGS OF REDLANDS, LLC","340 ROYAL POINCIANA WAY, SUITE 305, PALM BEACH, FL, 33480",UCC1,2
"ALLIANT HOLDINGS OF REDLANDS, LLC",0.86,Lapsed,05/30/2012,05/30/2017,02/23/2026,201206838254,3,1,TCF NATIONAL BANK,"11100 WAYZATA BOULEVARD SUITE 600, MINNETONKA, MN, 55305",,,,,,,,,1,"ALLIANT HOLDINGS OF REGENCY, LLC","340 ROYAL POINCIANA WAY, SUITE 305, PALM BEACH, FL, 33480",UCC1,2
"ALLIANT HOLDINGS OF REGENCY, LLC",0.00,No results,,,,,,,,,,,,,,,,,,,,,
"ALLIANT HOLDINGS OF TIGER BAY, LLC",1.00,Lapsed,05/30/2012,05/30/2017,02/23/2026,20120683822X,3,1,TCF NATIONAL BANK,"11100 WAYZATA BOULEVARD SUITE 600, MINNETONKA, MN, 55305",,,,,,,,,1,"ALLIANT HOLDINGS OF TIGER BAY, LLC","340 ROYAL POINCIANA WAY, SUITE 305, PALM BEACH, FL, 33480",UCC1,2
"ALLIANT/SEAVIEW, INC.",0.00,No results,,,,,,,,,,,,,,,,,,,,,
"ALLIANT TAX CREDIT FUND 45-C, LTD.",1.00,Lapsed,12/01/2008,12/01/2013,02/23/2026,200809616317,2,2,"BANK OF AMERICA, N.A.","7800 FORSYTH BLVD, SUITE 350, CLAYTON, MO, 63105","WILSON YARD PARTNERS, L.P.","1333 N. KINGSBURY ROAD, #305, CHICAGO, IL, 60642",,,,,,,2,"ALLIANT TAX CREDIT 45, LLC","340 ROYAL POINCIANA WAY, #305, PALM BEACH, FL, 33480",UCC1,2
"ALLIANT TAX CREDIT FUND 45-C, LTD.",0.97,Lapsed,01/12/2009,01/12/2014,02/23/2026,200909836092,1,2,"BANK OF AMERICA, N.A.","7800 FORSYTH BLVD., SUITE 350, CLAYTON, MO, 63105","WILSON YARD SENIOR HOUSING, L.P.","1333 N. KINGSBURY ROAD, #305, CHICAGO, IL, 60642",,,,,,,2,"ALLIANT TAX CREDIT 45, LLC","340 ROYAL POINCIANA WAY, #305, PALM BEACH, FL, 33480",UCC1,2
"ALLIANT TAX CREDIT FUND 45-D, LTD.",1.00,Lapsed,01/12/2009,01/12/2014,02/23/2026,200909836092,1,2,"BANK OF AMERICA, N.A.","7800 FORSYTH BLVD., SUITE 350, CLAYTON, MO, 63105","WILSON YARD SENIOR HOUSING, L.P.","1333 N. KINGSBURY ROAD, #305, CHICAGO, IL, 60642",,,,,,,2,"ALLIANT TAX CREDIT 45, LLC","340 ROYAL POINCIANA WAY, #305, PALM BEACH, FL, 33480",UCC1,2
"ALLIANT TAX CREDIT FUND 45-D, LTD.",0.95,Lapsed,08/03/2009,08/03/2014,02/23/2026,200900978420,0,1,"CITIBANK, N.A.","390 GREENWICH STREET, 2ND FLOOR, NEW YORK, NY, 10013",,,,,,,,,1,"ALLIANT TAX CREDIT FUND 50, LTD.","340 ROYAL POINCIANA WAY, SUITE 305, PALM BEACH, FL, 33480",UCC1,2
"ALLIANT TAX CREDIT FUND III, LTD.",1.00,Lapsed,12/17/1998,12/17/2008,02/23/2026,980000279691,2,1,PNC BANK NATIONAL ASSOCIATION,"500 WEST JEFFERSON ST STE 1200, LOUISVILLE, KY, 40202",,,,,,,,,1,ALLIANT TAX CREDIT FUND III LTD,"340 ROYAL POINCIANA STE 305, PALM BCH, FL, 33480",UCC1,3
"ALLIANT TAX CREDIT FUND III, LTD.",1.00,Lapsed,07/20/1999,07/20/2004,02/23/2026,990000164319,0,1,PNC BANK NATIONAL ASSOCIATION,"500 WEST JEFFERSON STREET SUITE 1200, LOUISVILLE, KY, 40202",,,,,,,,,1,ALLIANT TAX CREDIT FUND III LTD,"340 ROYAL POINCIANA SUITE 305, PALM BEACH, FL, 33480",UCC1,3
"ALLIANT TAX CREDIT FUND IX, LTD.",1.00,Lapsed,10/23/2000,10/23/2005,02/23/2026,200000241291,0,1,KEYBANK NATIONAL ASSOCIATION,"525 VINE STREET, CINCINNATI, OH, 45202",,,,,,,,,1,ALLIANT TAX CREDIT FUND IX LTD,"21550 OXNARD STREET, SUITE 1020, WOODLAND HILLS, CA, 91367",UCC1,1
"ALLIANT TAX CREDIT II, INC.",1.00,Lapsed,06/03/1998,06/03/2003,02/23/2026,980000121838,0,1,AFFORDABLE/ST LUCIE LTD,"1275 LAKE HEATHROW LN, HEATHROW, FL, 32746",,,,,,,,,2,ALLIANT TAX CREDIT II INC,"305 ROYAL POINCIANA PLAZA, PALM BEACH, FL, 3348",UCC1,2
"ALLIANT TAX CREDIT II, INC.",0.81,Lapsed,12/24/2008,12/24/2013,02/23/2026,200809758170,1,1,U.S. BANK NATIONAL ASSOCIATION,"621 CAPITAL MALL, SUITE 200, SAERMENTO, CA, 95814",,,,,,,,,2,"ALLIANT TAX CREDIT FUND IV, LTD.","340 ROYAL POINCIANA WAY, SUITE 305, PALM BEACH, FL, 33409",UCC1,2
"ALLIANT TAX CREDIT IV, INC.",1.00,Lapsed,11/14/2005,11/14/2015,02/23/2026,200501156354,2,1,THE BANK OF NEW YORK MELLON,"500 ROSS STREET, SUITE 865, PITTSBURGH, PA, 15262",,,,,,,,,1,"ALLIANT TAX CREDIT IV, INC.","C/O ALLIANT CAPITAL, LTD., 340 ROYAL, POINCIANA WAY, SUITE 305, PALM BEACH, FL, 33480",UCC1,3
"ALLIANT TAX CREDIT IV, INC.",0.96,Lapsed,03/02/2000,03/02/2005,02/23/2026,200000052144,1,2,BANKBOSTON N A,"100 FEDERAL STREET, BOSTON, MA, 02110",BANKBOSTON N A AGENT,"100 FEDERAL STREET, BOSTON, MA, 02110",,,,,,,1,ALLIANT TAX CREDIT IX INC,"21550 OXNARD STREET, SUITE 1020, WOODLAND HILLS, CA, 91367",UCC1,1
"ALLIANT TAX CREDIT PARTNERSHIP 33-B, LTD.",1.00,Lapsed,02/07/2005,02/07/2010,02/23/2026,200508920882,0,1,"CITICORP USA, INC., AS AGENT","ONE COURT SQUARE, 45TH FLOOR, ZONE 11, LONG ISLAND CITY, NY, 11120",,,,,,,,,1,"ALLIANT TAX CREDIT PARTNERSHIP 33-B, LTD.","C/O ALLIANT CAPITAL, LTD., 340 ROYAL POINCIANA WAY, SUITE 305, PALM BEACH, FL, 33480",UCC1,7
"ALLIANT TAX CREDIT PARTNERSHIP 33-B, LTD.",0.96,Lapsed,12/16/2005,12/16/2010,02/23/2026,200501435776,0,1,"CITICORP USA, INC., AS AGENT","1 COURT SQUARE, 45TH FLOOR, ZONE 11, LONG ISLAND CITY, NY, 11120",,,,,,,,,1,"ALLIANT TAX CREDIT PARTNERSHIP 35, LTD.","C/O ALLIANT CAPITAL, LTDL, 340 ROYAL POINCIANA WAY, SUITE 305, PALM BEACH, FL, 33480",UCC1,6
"ALLIANT TAX CREDIT VIII, INC.",1.00,Lapsed,09/21/1999,09/21/2004,02/23/2026,990000215258,1,1,BANKBOSTON NA,"100 FEDERAL STREET, BOSTON, MA, 02110",,,,,,,,,1,ALLIANT TAX CREDIT VIII INC,"21550 OXNARD STREET SUITE 1020, WOODLAND HILLS, CA, 91367",UCC1,2
"ALLIANT TAX CREDIT VIII, INC.",0.92,Lapsed,03/30/2001,03/30/2006,02/23/2026,200100069947,1,1,FLEET NATIONAL BANK,"ONE FEDERAL ST 4TH FL, BOSTON, MA, 02110",,,,,,,,,1,ALLIANT TAX CREDIT XI INC,"21550 OXNARD ST STE 1020, WOODLAND HILLS, CA, 91367",UCC1,1
"ALLIANT TAX CREDIT XIV, INC.",1.00,Lapsed,09/08/2000,09/08/2005,02/23/2026,200000207109,0,2,FLEET NATIONAL BANK AS AGENT,"75 STATE STREET, BOSTON, MA, 02109",FLEET NATIONAL BANK,"75 STATE STREET, BOSTON, MA, 02109",,,,,,,1,"ALLIANT TAX CREDIT XIV, INC.","21550 OXNARD STREET, SUITE 1020, WOODLAND HILLS, CA, 91367",UCC1,1
"ALLIANT TAX CREDIT XIV, INC.",0.98,Lapsed,03/19/2001,03/19/2006,02/23/2026,200100060408,1,1,FLEET NATIONAL BANK,"ONE FEDERAL STREET 4TH FLOOR, BOSTON, MA, 02110",,,,,,,,,1,ALLIANT TAX CREDIT XV INC,"21550 OXNARD STREET SUITE 1020, WOODLAND HILLS, CA, 91367",UCC1,1
"ALLIANT TAX CREDIT XVII, INC.",0.00,No results,,,,,,,,,,,,,,,,,,,,,
"ALLIANT TAX CREDIT VIII, INC.",1.00,Lapsed,09/21/1999,09/21/2004,02/23/2026,990000215258,1,1,BANKBOSTON NA,"100 FEDERAL STREET, BOSTON, MA, 02110",,,,,,,,,1,ALLIANT TAX CREDIT VIII INC,"21550 OXNARD STREET SUITE 1020, WOODLAND HILLS, CA, 91367",UCC1,2
"ALLIANT TAX CREDIT VIII, INC.",0.92,Lapsed,03/30/2001,03/30/2006,02/23/2026,200100069947,1,1,FLEET NATIONAL BANK,"ONE FEDERAL ST 4TH FL, BOSTON, MA, 02110",,,,,,,,,1,ALLIANT TAX CREDIT XI INC,"21550 OXNARD ST STE 1020, WOODLAND HILLS, CA, 91367",UCC1,1
"ALLIANT TAX CREDIT XIV, INC.",1.00,Lapsed,09/08/2000,09/08/2005,02/23/2026,200000207109,0,2,FLEET NATIONAL BANK AS AGENT,"75 STATE STREET, BOSTON, MA, 02109",FLEET NATIONAL BANK,"75 STATE STREET, BOSTON, MA, 02109",,,,,,,1,"ALLIANT TAX CREDIT XIV, INC.","21550 OXNARD STREET, SUITE 1020, WOODLAND HILLS, CA, 91367",UCC1,1
"ALLIANT TAX CREDIT XIV, INC.",0.98,Lapsed,03/19/2001,03/19/2006,02/23/2026,200100060408,1,1,FLEET NATIONAL BANK,"ONE FEDERAL STREET 4TH FLOOR, BOSTON, MA, 02110",,,,,,,,,1,ALLIANT TAX CREDIT XV INC,"21550 OXNARD STREET SUITE 1020, WOODLAND HILLS, CA, 91367",UCC1,1
"ALLIANT TAX CREDIT XVII, INC.",1.00,Lapsed,03/12/2002,03/12/2007,02/23/2026,200200591558,1,1,"BANK OF AMERICA, N.A.","2033 N. MAIN STREET. # 550, W ALNUT CREEK, CA, 94596",,,,,,,,,1,"ALLIANT TAX CREDIT XVII, INC.","21550 OXNARD STREET, WOODLAND HILLS, CA, 91367",UCC1,2
"ALLIANT TAX CREDIT XVII, INC.",0.88,Lapsed,12/17/2002,12/17/2007,02/23/2026,200202862508,0,1,HILLIARD HOMES I LIMITED PARTNERSHIP,"1333 N KINGSBURY, SUITE 305, CHICAGO, IL, 60622",,,,,,,,,1,"ALLIANT TAX CREDIT XXIL, GP, INC","350 ROYAL POINCIANA WAY, SUITE 350, PALM BEACH, FL, 33480",UCC1,1
"ALLIGATOR JOE, INC.",1.00,Lapsed,04/13/1992,04/13/1997,02/23/2026,920000074125,0,1,PROSPERI            A             PAUL,"265 SUNRISE AVE, 204, PALM BEACH, FL, 334809",,,,,,,,,1,ALLIGATOR JOE INC,"132 N COUNTY RD, PALM BEACH, FL, 33480",UCC1,1
"ALLIGATOR JOE, INC.",0.75,Lapsed,12/02/1994,12/02/1999,02/23/2026,940000242771,0,1,NATIONSBANK OF SOUTH CAROLINA,"PO BOX 608, GREENVILLE, SC, 29602",,,,,,,,,1,ALLIGATOR KID RIDES INC,"PO BOX 238, STUART, FL, 33494",UCC1,1
"ALOHA COIN LAUNDRY, LLC",1.00,Lapsed,12/18/2019,12/18/2024,02/23/2026,201900421133,0,1,EASTERN FUNDING LLC,"213 WEST 35TH STREET, SUITE 1000, NEW YORK, NY, 10001",,,,,,,,,2,"ALOHA COIN LAUNDRY, LLC","3450 S OCEAN BLVD APT 510, PALM BEACH, AL, 33480",UCC1,1
"ALOHA COIN LAUNDRY, LLC",1.00,Lapsed,12/18/2019,12/18/2024,02/23/2026,201900421133,0,1,EASTERN FUNDING LLC,"213 WEST 35TH STREET, SUITE 1000, NEW YORK, NY, 10001",,,,,,,,,2,"ALOHA COIN LAUNDRY, LLC","3450 S OCEAN BLVD APT 510, PALM BEACH, AL, 33480",UCC1,1
"ALPHABET SOUP, LLC",0.88,Lapsed,11/18/1991,11/18/1996,02/23/2026,910000246462,0,1,COMMERCEBANK NA,"2199 PONCE DE LEON BLVD, CORAL GABLES, FL",,,,,,,,,1,ALPHABET SOUP INC,"3805 SW 137 AVE, MIAMI, FL",UCC1,1
"ALPHABET SOUP, LLC",1.00,Lapsed,09/10/2007,09/10/2012,02/23/2026,200706479236,1,1,FIRST BANK OF THE PALM BEACHES,"415 5TH STREET, WEST PALM BEACH, FL, 33401",,,,,,,,,3,ALPHABET SOUP LLC,"701 S ROSEMARY AVE, STE 157, WEST PALM BEACH, FL, 33401-6030",UCC1,2
ALPHA K2 GLOBAL ADVISORS INC,0.00,No results,,,,,,,,,,,,,,,,,,,,,
"AMARYLLIS, LLC",0.72,Filed,05/16/2022,05/16/2027,02/23/2026,202201599086,0,1,U.S. SMALL BUSINESS ADMINISTRATION,"2 NORTH 20TH STREET, SUITE 320, BIRMINGHAM, AL, 35203",,,,,,,,,1,AMARYLLIS CREMATION LLC,"3461 EDGEWATER DR, ORLANDO, FL, 32804",UCC1,1
THE AMBASSADOR HOTEL COOPERATIVE APARTMENTS CORP.,1.00,Lapsed,09/05/2018,09/05/2023,02/23/2026,201806410395,1,1,VALLEY NATIONAL BANK,"1700 PALM BEACH LAKES BLVD, SUITE 1000, WEST PALM BEACH, FL, 33401",,,,,,,,,1,THE AMBASSADOR HOTEL COOPERATIVE APARTMENTS CORP.,"2730 S. OCEAN BLVD., PALM BEACH, FL, 33480",UCC1,9
THE AMBASSADOR HOTEL COOPERATIVE APARTMENTS CORP.,0.81,Lapsed,06/16/2014,06/16/2019,02/23/2026,201401627135,1,1,"1ST UNITED BANK, A FLORIDA BANKING CORPORATION","1700 PALM BEACH LAKES BOULEVARD, SUITE 650, WEST PALM BEACH, FL, 33401",,,,,,,,,1,"THE AMBASSADOR HOTEL COOPERATIVE APARTMENTS CORP., A FLORIDA CORPORATION","2730 SOUTH OCEAN BOULEVARD, PALM BEACH, FL, 33401",UCC1,1
AMBASSADOR HOTEL SERVICES CORPORATION,1.00,Lapsed,12/04/2020,12/04/2025,02/23/2026,202005518032,0,1,SYSCO CORPORATION CORPORATE HEADQUARTERS,"24500 HIGHWAY 290, CYPRESS, TX, 77429",,,,,,,,,2,AMBASSADOR HOTEL SERVICES CORPORATION,"2730 S. OCEAN BLVD., PALM BEACH, FL, 33480",UCC1,17
THE AMBASSADOR II CORPORATION,1.00,Lapsed,12/10/2001,12/10/2011,02/23/2026,200190519426,3,1,BANKATLANTIC,"1750 EAST SUNRISE BOULEVARD, FORT LAUDERDALE, FL, 33304",,,,,,,,,1,THE AMBASSADOR II CORPORATION,"2780 SOUTH OCEAN BOULEVARD, PALM BEACH, FL, 33480",UCC1,3
THE AMBASSADOR II CORPORATION,1.00,Filed,03/31/2011,03/31/2026,02/23/2026,201104325169,6,1,SYNOVUS BANK,"1148 BROADWAY, COLUMBUS, GA, 31901",,,,,,,,,1,THE AMBASSADOR II CORPORATION,"2780 SOUTH OCEAN BLVD., PALM BEACH, FL, 33480",UCC1,2
AMBASSADOR SALON LLC,0.00,No results,,,,,,,,,,,,,,,,,,,,,
"AMERICAN ENVIRONMENTAL, INC.",0.00,No results,,,,,,,,,,,,,,,,,,,,,
"AMERICAN FIBER OPTICS, INC.",0.91,Lapsed,01/17/1995,01/17/2000,02/23/2026,950000011173,0,1,AUTOMOTIVE MANAGEMENT GROUP LTD,"425 BROADHOLLOW RD, MELVILLE, NY, 11747",,,,,,,,,1,AMERICAN FIBER OPTICS,"601 CLEARWATER PARK, WEST PALM BEACH, FL, 33401",UCC1,1
"AMERICAN FIBER OPTICS, INC.",0.91,Lapsed,10/12/1992,10/12/1997,02/23/2026,920000207699,1,1,INTERCAPITAL FUNDING CORPORATION,"2000 PALM BEACH LAKES BLVD, STE 1000, WEST PALM BEACH, FL, 33409",,,,,,,,,1,AMERICAN FIBER OPTICS,"10035 SR 7, BOYNTON BEACH, FL, 33437",UCC1,2
AMERICAN HYDRODYNE CORPORATION,0.94,Lapsed,10/06/1994,10/06/1999,02/23/2026,940000204100,0,1,DIXIE PLUMBING SERVICES AND CONTRACTING INC,"441 CYPRESS WAY E, NAPLES, FL, 33942",,,,,,,,,1,AMERICAN HYDRODYNE CORPORATION INC,"4069 BISCAYNE DR, NAPLES, FL, 33962",UCC1,1
AMERICAN INTEGRITY INC.,0.00,No close match,,,,,,,,,,,,,,,,,,,,,
AMERICAN INTERNATIONAL CORPORATION,0.80,Lapsed,02/06/1991,02/06/1996,02/23/2026,910000029185,1,1,ASSOCIATES COMMERCIAL CORPORATION,"1900 SUMMIT TOWER BLVD, 570, ORLANDO, FL, 32810",,,,,,,,,1,AMERICAN INTERNATIONAL CONTAINER INC,"3724 NW 73RD ST, MIAMI, FL, 33147",UCC1,1
AMERICAN INTERNATIONAL CORPORATION,0.80,Lapsed,06/13/2002,06/13/2007,02/23/2026,200201393970,0,1,"BANKUNITED, FSB","255 ALHAMBRA CIRCLE, CORAL GABLES, FL, 33134",,,,,,,,,6,"ALL AMERICAN CONTAINERS, INC.","9330 NW 110TH AVENUE, MIAMI, FL, 33178",UCC1,1
AMERICAN HYDRODYNE CORPORATION,0.94,Lapsed,10/06/1994,10/06/1999,02/23/2026,940000204100,0,1,DIXIE PLUMBING SERVICES AND CONTRACTING INC,"441 CYPRESS WAY E, NAPLES, FL, 33942",,,,,,,,,1,AMERICAN HYDRODYNE CORPORATION INC,"4069 BISCAYNE DR, NAPLES, FL, 33962",UCC1,1
AMERICAN INTEGRITY INC.,0.00,No close match,,,,,,,,,,,,,,,,,,,,,
AMERICAN INTERNATIONAL CORPORATION,0.80,Lapsed,02/06/1991,02/06/1996,02/23/2026,910000029185,1,1,ASSOCIATES COMMERCIAL CORPORATION,"1900 SUMMIT TOWER BLVD, 570, ORLANDO, FL, 32810",,,,,,,,,1,AMERICAN INTERNATIONAL CONTAINER INC,"3724 NW 73RD ST, MIAMI, FL, 33147",UCC1,1
AMERICAN INTERNATIONAL CORPORATION,0.80,Lapsed,06/13/2002,06/13/2007,02/23/2026,200201393970,0,1,"BANKUNITED, FSB","255 ALHAMBRA CIRCLE, CORAL GABLES, FL, 33134",,,,,,,,,6,"ALL AMERICAN CONTAINERS, INC.","9330 NW 110TH AVENUE, MIAMI, FL, 33178",UCC1,1
"AMERICAN PICTURES, INC.",0.00,No results,,,,,,,,,,,,,,,,,,,,,
AMERICAN SOURCING LLC,1.00,Filed,02/02/2022,02/02/2027,02/23/2026,202200352191,0,1,NAVITAS CREDIT CORP.,"201 EXECUTIVE CENTER DR STE100, COLUMBIA, SC, 29210",,,,,,,,,1,AMERICAN SOURCING LLC,"12351 NW 154TH ST, HIALEAH, FL, 33018",UCC1,1
AMERICAN SOURCING LLC,1.00,Filed,05/12/2022,05/12/2027,02/23/2026,202201566131,0,1,"CRESTMARK, A DIVISION OF METABANK, NATIONAL ASSOCIATION","5480 CORPORATE DRIVE, SUITE 350, TROY, MI, 48098",,,,,,,,,1,AMERICAN SOURCING LLC,"6991 NW 82ND AVE, SUITE 5, MIAMI, FL, 33166",UCC1,1
"AMICI MARKET, LLC",1.00,Lapsed,10/04/2010,10/04/2015,02/23/2026,201003308277,0,1,"EPARS SERVICES, LLC","C/O CUILLO ENTERPRISES, 515 NORTH FLAGLER DRIVE #808, WEST PALM BEACH, FL, 33401",,,,,,,,,1,"AMICI MARKET, LLC","155 NORTH COUNTY ROAD, PALM BEACH, FL, 33480",UCC1,1
"AMICI MARKET, LLC",1.00,Lapsed,11/18/2010,11/18/2015,02/23/2026,201003603066,0,1,"SALAMANDER PALM BEACH, LLC","100 WEST WASHINGTON ROAD, MIDDLEBURG, VA, 20117",,,,,,,,,1,"AMICI MARKET, LLC","155 NORTH COUNTY ROAD, PALM BEACH, FL, 33480",UCC1,1
02 OXYGEN LLC,0.00,No close match,,,,,,,,,,,,,,,,,,,,,
1000 OCEAN DRIVE U1 LLC,0.00,No close match,,,,,,,,,,,,,,,,,,,,,
1000 W 3RD LLC,0.70,Filed,08/18/2021,08/18/2026,02/23/2026,202108144747,0,1,"JTM LOANS, LLC","2601 E. MICHIGAN ST., ORLANDO, FL, 32806",,,,,,,,,1,"1000 W CENTRAL BLVD, LLC","201 N. MAGNOLIA AVENUE, SUITE 100, ORLANDO, FL, 32801",UCC1,4
1001 SOUTH M STREET LLC,0.00,No close match,,,,,,,,,,,,,,,,,,,,,
"1002 OCEAN DRIVE U2, LLC",0.00,No close match,,,,,,,,,,,,,,,,,,,,,
"10060 DAISY AVENUE, LLC",0.00,No close match,,,,,,,,,,,,,,,,,,,,,
"10080 COMMERCIAL CONDOMINIUM ASSOCIATION, INC.",0.00,No close match,,,,,,,,,,,,,,,,,,,,,
100 LAKESHORE 351 LLC,0.80,Lapsed,11/16/2015,11/16/2020,02/23/2026,201505722452,0,1,"ALLAN, CASEY, TRUSTEE OF THE JOHN F. VARTY IRREVOCABLE TRUST","P.O. BOX 7146, WINTER HAVEN, FL, 33883",,,,,,,,,1,"100 LAKES HOMES, LLC","P.O. BOX 1591, WINTER HAVEN, FL, 33882",UCC1,1
100 US1 NORTH PALM BEACH SUNOCO LLC,0.00,No close match,,,,,,,,,,,,,,,,,,,,,
"10-11-32, INC.",0.00,No close match,,,,,,,,,,,,,,,,,,,,,
1014 NORTH ATLANTIC DRIVE LLC,0.00,No close match,,,,,,,,,,,,,,,,,,,,,
"101 BONSAI, LLC",0.00,No close match,,,,,,,,,,,,,,,,,,,,,
101 OLIVE LLC,0.00,No close match,,,,,,,,,,,,,,,,,,,,,
"101 PALM BAY CIRCLE, LLC",0.00,No results,,,,,,,,,,,,,,,,,,,,,
1020 DEVELOPMENT LLC,0.00,No close match,,,,,,,,,,,,,,,,,,,,,
"1028 N D STREET, LLC",0.00,No close match,,,,,,,,,,,,,,,,,,,,,
1031 LLC,0.70,Filed,02/10/2021,02/10/2031,02/23/2026,202106131958,1,1,"NEXTGEAR CAPITAL, INC.","11799 NORTH COLLEGE AVENUE, CARMEL, IN, 46032",,,,,,,,,1,1031 MOTORS L.L.C,"5010 US HIGHWAY 19 N STE 6, PALMETTO, FL, 34221",UCC1,1
"10315 BOYNTON PLACE CIRCLE, LLC",0.00,No close match,,,,,,,,,,,,,,,,,,,,,
"1054 25TH, LLC",0.00,No close match,,,,,,,,,,,,,,,,,,,,,
"10600 GOMEZ, LLC",0.00,No results,,,,,,,,,,,,,,,,,,,,,
"107 DORAL PAYROLL, LLC",0.00,No results,,,,,,,,,,,,,,,,,,,,,
1084 RAINTREE LLC,0.00,No close match,,,,,,,,,,,,,,,,,,,,,
"1085 SILVER BEACH ROAD, LLC",0.00,No close match,,,,,,,,,,,,,,,,,,,,,
"1098 NO. MILITARY, LLC",1.00,Lapsed,12/26/2018,12/26/2023,02/23/2026,201807314225,1,1,THE NORTHERN TRUST COMPANY,"11301 US HIGHWAY ONE, NORTH PALM BEACH, FL, 33408",,,,,,,,,1,"1098 NO. MILITARY, LLC","11811 US HIGHWAY ONE SUITE 101, NORTH PALM BEACH, FL, 33408",UCC1,4
109HARBOURSIDE LLC,0.00,No close match,,,,,,,,,,,,,,,,,,,,,
10 JACKS LLC,0.00,No close match,,,,,,,,,,,,,,,,,,,,,
"10 MINUTE TAX RETURN, LLC",0.00,No close match,,,,,,,,,,,,,,,,,,,,,
"10 TALENTS CAPITAL COWORKING, L.L.C.",0.00,No close match,,,,,,,,,,,,,,,,,,,,,
1100 CABANA LLC,1.00,Lapsed,02/26/2016,02/26/2021,02/23/2026,201606617441,0,1,"COASTAL ISLAND PROPERTY, LLC","1063 HILLSBORO MILE #408, HILLSBORO BEACH, FL, 33062",,,,,,,,,1,"1100 CABANA, LLC","742 US HIGHWAY ONE, SUITE 210, NORTH PALM BEACH, FL, 33408",UCC1,1
"1100 ENTERPRISES, INC.",0.00,No results,,,,,,,,,,,,,,,,,,,,,
11030 LEGACY LLC,0.00,No close match,,,,,,,,,,,,,,,,,,,,,
1105 COUNTRY CLUB DRIVE LLC,0.00,No close match,,,,,,,,,,,,,,,,,,,,,
1105 N DIXIE HWY LLC,0.00,No results,,,,,,,,,,,,,,,,,,,,,
"1107 GOLFVIEW ROAD, LLC",0.00,No results,,,,,,,,,,,,,,,,,,,,,
"110 POST ROAD, LLC",0.00,No results,,,,,,,,,,,,,,,,,,,,,
"1112 COUNTRY CLUB CIRCLE, INC.",0.00,No results,,,,,,,,,,,,,,,,,,,,,
11-13 PURDY CD LLC,0.00,No results,,,,,,,,,,,,,,,,,,,,,
"1114 NORTH MICHIGAN, LLC",0.00,No results,,,,,,,,,,,,,,,,,,,,,
"11150 SOUTH CLEVELAND AVE., LLC",0.00,No results,,,,,,,,,,,,,,,,,,,,,
"1116-C25 MARINE WAY WEST, LLC",0.00,No results,,,,,,,,,,,,,,,,,,,,,
"1116-C25 MARINE WAY WEST, LLC",0.00,No results,,,,,,,,,,,,,,,,,,,,,
1120 SUNSHINE HOLDINGS LLC,0.00,No results,,,,,,,,,,,,,,,,,,,,,
"1120 SW CHAPMAN WAY, LLC",0.00,No close match,,,,,,,,,,,,,,,,,,,,,
11241 PALM BEACH LLC,0.00,No close match,,,,,,,,,,,,,,,,,,,,,
"112 BRAVADO, LLC",1.00,Lapsed,04/06/2015,04/06/2020,02/24/2026,201503405778,1,1,FIRSTCITY BANK OF COMMERCE,"11760 US HIGHWAY ONE, SUITE 102-W, PALM BEACH GARDENS, FL, 33408",,,,,,,,,1,"112 BRAVADO, LLC","742 US HIGHWAY 1, SUITE 210, NORTH PALM BEACH, FL, 33408",UCC1,3
"112 TACOMA LANE, LLC",0.00,No close match,,,,,,,,,,,,,,,,,,,,,
"11324 PALM TREE LANE, LLC",0.00,No close match,,,,,,,,,,,,,,,,,,,,,
"11349 OLD HARBOUR ROAD, LLC",0.00,No close match,,,,,,,,,,,,,,,,,,,,,
"11370 TWELVE OAKS WAY, LLC",0.00,No results,,,,,,,,,,,,,,,,,,,,,
1141 MARINE WAY LLC,0.00,No close match,,,,,,,,,,,,,,,,,,,,,
"1116-C25 MARINE WAY WEST, LLC",0.00,No close match,,,,,,,,,,,,,,,,,,,,,
1120 SUNSHINE HOLDINGS LLC,0.79,Filed,09/03/2013,09/03/2028,02/24/2026,201309748738,3,2,OCEAN BANK,"780 NW 42 AVENUE, MIAMI, FL, 33126",PACIFIC COAST BANKERS' BANK,"1676 N. CALIFFORNIA BLVD., SUITE 300, WALNUT CREEK, CA, 94596",,,,,,,1,1120 SUNSHINE LLC,"1120 NW 165 STREET, MIAMI, FL, 33169",UCC1,6
1120 SUNSHINE HOLDINGS LLC,0.79,Filed,09/13/2013,09/13/2028,02/24/2026,201309826313,4,1,OCEAN BANK,"780 NW 42 AVE, MIAMI, FL, 33126",,,,,,,,,3,"MONACO TRADING, INC.","1571 W. COPANS ROAD, STE 101, POMPANO BEACH, FL, 33064",UCC1,5
